Date-time,px (m),py (m),pz (m),vx (m/s),vy (m/s),vz (m/s)
Saturday January 04 2025 11:54:03,-35409230768.70979,142252366269.1803,19170441.270625554,-33014.44252272335,4278.794697909722,-393.62007187253727
Saturday January 04 2025 12:09:47,-35439770848.91737,142256321906.08594,18806314.97236869,-33013.10908001238,4273.279306169753,-393.6197705529408
Saturday January 04 2025 12:32:32,-35470916899.25343,142260350939.7823,18434948.8933487,-33011.74821930417,4267.655370033291,-393.61944885603515
Saturday January 04 2025 12:56:29,-35515978164.94005,142266170940.28033,17897639.908312067,-33009.777647454284,4259.520403012934,-393.6189577081907
Saturday January 04 2025 13:22:45,-35563418729.50255,142272286621.81335,17331926.312646758,-33007.70083574973,4250.957932415583,-393.61840776686466
Saturday January 04 2025 13:44:02,-35615434092.41912,142278978352.05258,16711619.711075079,-33005.42117131754,4241.572161503169,-393.6177660760514
Saturday January 04 2025 14:14:50,-35657597874.4701,142284392170.8222,16208766.947753014,-33003.571289519,4233.965872402156,-393.61721621570484
Saturday January 04 2025 14:51:01,-35718574291.797455,142292204877.59845,15481502.744235484,-33000.89289334566,4222.968723049994,-393.61637399991594
Saturday January 04 2025 15:25:21,-35790213745.88791,142301358657.70547,14626987.356490292,-32997.741390880175,4210.052886236662,-393.61531352122216
Saturday January 04 2025 15:55:33,-35858172202.60326,142310016991.373,13816305.614770794,-32994.74709925318,4197.8050872493895,-393.614236702081
Saturday January 04 2025 16:24:04,-35917984800.46317,142317617272.64297,13102737.43325974,-32992.10791961551,4187.028911834444,-393.6132319383126
Saturday January 04 2025 16:59:55,-35974406753.103836,142324769363.54395,12429569.22679943,-32989.615091163774,4176.866649407512,-393.6122352354071
Saturday January 04 2025 17:29:36,-36045357011.94952,142333739174.8675,11582994.57164794,-32986.4758884644,4164.091848244705,-393.6109145533637
Saturday January 04 2025 18:04:30,-36104129717.678696,142341149293.60983,10881662.9720972,-32983.87170110777,4153.513177837642,-393.60976377780526
Saturday January 04 2025 18:37:26,-36173193724.06502,142349833610.82367,10057457.689641686,-32980.80713567144,4141.086229241795,-393.6083458050159
Saturday January 04 2025 19:16:07,-36238340411.35188,142358002245.00262,9279933.973916166,-32977.912062555435,4129.368181100471,-393.60694324866085
Saturday January 04 2025 19:48:05,-36314893779.47421,142367572481.8497,8366188.195884643,-32974.50471679927,4115.6034072162765,-393.6052145192275
Saturday January 04 2025 20:14:03,-36378118423.87227,142375453097.40576,7611466.741177726,-32971.686255379194,4104.2393046960115,-393.6037211665857
Saturday January 04 2025 20:38:50,-36429494164.07643,142381841260.25217,6998141.922402291,-32969.39309192334,4095.0076637399716,-393.60246399981423
Saturday January 04 2025 21:33:12,-36478527410.994286,142387925152.07202,6412743.890030773,-32967.20205529125,4086.199216293288,-393.60122764708314
Saturday January 04 2025 22:15:13,-36586046356.534805,142401221328.9555,5128967.181334193,-32962.38929874531,4066.89203274187,-393.59839188292926
Saturday January 04 2025 22:53:43,-36669139896.44105,142411455169.79764,4136707.887504825,-32958.66206532374,4051.9782315253033,-393.5960830717888
Saturday January 04 2025 23:25:01,-36745292937.5771,142420802217.58105,3227234.958864694,-32955.240184196016,4038.315721036315,-393.5938774137329
Saturday January 04 2025 23:54:14,-36807173138.63837,142428374880.86325,2488152.4979438866,-32952.455441696904,4027.21782078163,-393.5920220227594
Sunday January 05 2025 00:21:48,-36864933472.70742,142435425145.24384,1798223.544395873,-32949.85270601207,4016.861984557714,-393.5902391255463
Sunday January 05 2025 00:47:56,-36919414826.83669,142442059050.68982,1147413.8961232626,-32947.39472121614,4007.09685516457,-393.5885123085879
Sunday January 05 2025 01:20:52,-36971101420.43225,142448338185.99408,529946.9589978332,-32945.060131983264,3997.835182478888,-393.5868335964241
Sunday January 05 2025 01:50:12,-37036198208.820816,142456226417.52274,-247781.56816134672,-32942.116100369385,3986.1740528144737,-393.5846632974333
Sunday January 05 2025 02:16:15,-37094170308.494965,142463232498.55933,-940444.4500079873,-32939.4907895253,3975.792493142434,-393.58267797126143
Sunday January 05 2025 02:37:23,-37145639374.69011,142469437828.9793,-1555451.0459455769,-32937.15721494829,3966.5780818696076,-393.5808738774666
Sunday January 05 2025 02:57:34,-37187411280.509254,142474463767.50876,-2054615.7156272198,-32935.261397164926,3959.1015288668777,-393.5793810279287
Sunday January 05 2025 03:16:17,-37227282697.812584,142479252467.31323,-2531095.01780534,-32933.45024069142,3951.9666340252784,-393.577932155693
Sunday January 05 2025 03:32:34,-37264275500.610756,142483687946.37436,-2973195.59480803,-32931.76845484915,3945.3481693853446,-393.57656698348853
Sunday January 05 2025 03:47:46,-37296454047.51709,142487540329.0993,-3357778.165760849,-32930.304449385345,3939.592058523346,-393.5753631172774
Sunday January 05 2025 04:04:21,-37326491225.0145,142491131428.4692,-3716782.482039306,-32928.93695541059,3934.2198567283576,-393.57422563500904
Sunday January 05 2025 04:21:06,-37359226639.77323,142495039705.72507,-4108051.9227481224,-32927.4456160937,3928.3660160860722,-393.57297088155633
Sunday January 05 2025 04:39:21,-37392323407.17241,142498985388.7995,-4503657.17055267,-32925.93675092068,3922.4485598481524,-393.57168628134673
Sunday January 05 2025 04:57:55,-37428392264.801384,142503278827.33755,-4934806.947975556,-32924.29117235184,3916.0008636555503,-393.5702680154478
Sunday January 05 2025 05:19:15,-37465068527.97932,142507637545.78238,-5373237.860870776,-32922.61658068713,3909.4458144455643,-393.5688062927192
Sunday January 05 2025 05:36:51,-37507215539.32985,142512637681.57434,-5877092.049616912,-32920.690582023635,3901.91452114594,-393.5671021728095
Sunday January 05 2025 05:53:10,-37541962602.459816,142516752889.44058,-6292502.72421956,-32919.1014380268,3895.706760926567,-393.5656776680688
Sunday January 05 2025 06:11:04,-37574201225.254234,142520565332.65216,-6677940.894633572,-32917.625964780986,3889.948140724795,-393.5643401767436
Sunday January 05 2025 06:30:28,-37609548500.48737,142524739110.89767,-7100563.806448809,-32916.00705393802,3883.6353360928733,-393.56285621748765
Sunday January 05 2025 06:48:28,-37647851157.67415,142529254437.68887,-7558543.839946182,-32914.25141327619,3876.7960151924985,-393.5612275294372
Sunday January 05 2025 07:08:11,-37683388027.41603,142533436816.6211,-7983473.852002578,-32912.62126881504,3870.451759134114,-393.5596972414095
Sunday January 05 2025 07:27:00,-37722352346.0219,142538014942.07245,-8449409.66891928,-32910.83248924778,3863.4969481621342,-393.5579981225977
Sunday January 05 2025 08:08:14,-37759485747.494896,142542370512.75784,-8893473.04918988,-32909.12639036142,3856.870239136403,-393.5563581790448
Sunday January 05 2025 08:41:33,-37840910909.812195,142551895914.77863,-9867277.843779895,-32905.38061214486,3842.3437973038863,-393.5526915928215
Sunday January 05 2025 09:11:02,-37906673744.260574,142559563638.83875,-10653843.203204893,-32902.350645708364,3830.6159969479813,-393.5496595802375
Sunday January 05 2025 09:37:18,-37964885593.270065,142566331977.42905,-11350149.342705214,-32899.66508484346,3820.238113110524,-393.5469230316617
Sunday January 05 2025 10:00:33,-38016726673.73105,142572344590.67822,-11970294.741952127,-32897.2706700165,3810.998614906,-393.5444443565909
Sunday January 05 2025 10:22:36,-38062615593.183014,142577655080.59113,-12519272.21796371,-32895.14899932665,3802.822012566352,-393.54221757589164
Sunday January 05 2025 10:46:16,-38106150952.21578,142582682978.76678,-13040123.479305642,-32893.13426103531,3795.066559680355,-393.5400766340841
Sunday January 05 2025 11:14:03,-38152831295.29413,142588063030.68362,-13598633.204178937,-32890.971941354495,3786.7527865135094,-393.53775035867585
Sunday January 05 2025 15:54:06,-38207675623.15376,142594369385.19672,-14254864.096139649,-32888.428758912705,3776.987560612708,-393.53497670460143
Sunday January 05 2025 16:38:36,-38760069455.226105,142657006947.60754,-20867012.6547981,-32862.6520016692,3678.785594611956,-393.50460416624765
Sunday January 05 2025 17:15:09,-38847825873.89797,142666810592.51443,-21917886.190495607,-32858.52994741834,3663.2103902755694,-393.4993720063573
Sunday January 05 2025 17:49:50,-38919888897.00883,142674830881.98523,-22780921.138265584,-32855.13951409771,3650.4257519259604,-393.49499227651074
Sunday January 05 2025 18:20:44,-38988254922.532394,142682414561.02365,-23599753.85512479,-32851.918418805195,3638.3013840896488,-393.4907679107256
Sunday January 05 2025 18:46:21,-39049137948.64624,142689147558.00064,-24329021.459822204,-32849.04612185247,3627.5076849910197,-393.48694914009
Sunday January 05 2025 19:42:33,-39099649024.391594,142694718795.92535,-24934095.03703511,-32846.66045434361,3618.555357099026,-393.4837403544398
Sunday January 05 2025 20:23:05,-39210393915.91222,142706886908.46204,-26260847.673478678,-32841.42137471068,3598.93565006523,-393.47657645105613
Sunday January 05 2025 20:52:14,-39290251754.23771,142715621459.55237,-27217681.693022903,-32837.63622201415,3584.7948840655636,-393.4713009938409
Sunday January 05 2025 21:16:22,-39347667824.70385,142721880788.77646,-27905685.01970284,-32834.91101945233,3574.631575195324,-393.4674513575409
Sunday January 05 2025 21:39:16,-39395229814.5061,142727052791.97037,-28475647.34610301,-32832.65115247698,3566.214831432057,-393.4642265255352
Sunday January 05 2025 21:59:41,-39440352244.58614,142731948571.2682,-29016406.98546928,-32830.505207138296,3558.2317094343166,-393.4611370541276
Sunday January 05 2025 22:16:31,-39480537044.97997,142736299651.7049,-29498018.88880768,-32828.59245509085,3551.1237235953054,-393.4583610368806
Sunday January 05 2025 22:33:30,-39513714641.966515,142739885649.12943,-29895668.555626933,-32827.01208003895,3545.2562993117826,-393.45605161372407
Sunday January 05 2025 22:51:38,-39547166961.09603,142743495511.14758,-30296627.919072874,-32825.41755881708,3539.3413072761086,-393.45370707332694
Sunday January 05 2025 23:07:28,-39582861762.200096,142747340907.13315,-30724484.505276877,-32823.71497516121,3533.030928278552,-393.45118766126876
Sunday January 05 2025 23:22:35,-39614068923.08172,142750697391.63818,-31098565.8220706,-32822.22545241274,3527.514857968221,-393.44897002482696
Sunday January 05 2025 23:39:02,-39643810468.74712,142753891503.09665,-31455092.594523452,-32820.80502259081,3522.258671167788,-393.4468435435643
Sunday January 05 2025 23:54:22,-39676223636.57902,142757367268.7828,-31843660.812883954,-32819.25604177927,3516.5312502154247,-393.444511608081
Monday January 06 2025 00:08:54,-39706405128.74286,142760598786.95154,-32205490.178139344,-32817.81281289324,3511.199028394676,-393.4423266949009
Monday January 06 2025 00:22:45,-39735039733.25909,142763660278.9414,-32548787.606691387,-32816.442754431235,3506.1408656879316,-393.4402417037945
Monday January 06 2025 00:35:39,-39762288169.34233,142766569588.2582,-32875478.018026125,-32815.13829661408,3501.328256711223,-393.43824674324696
Monday January 06 2025 00:54:19,-39787691980.560135,142769278452.2053,-33180062.823426183,-32813.92151179842,3496.8420541379014,-393.4363772614596
Monday January 06 2025 01:17:17,-39824431390.38016,142773190090.37912,-33620575.798315786,-32812.16069530288,3490.3550742550915,-393.43365725073545
Monday January 06 2025 01:41:29,-39869668631.2062,142777996802.54645,-34163007.777754545,-32809.99084452998,3482.369344117987,-393.43028157787455
Monday January 06 2025 02:03:51,-39917294148.7993,142783045729.57166,-34734110.90460489,-32807.70434310216,3473.9640256250586,-393.4266960708256
Monday January 06 2025 02:22:48,-39961327808.878204,142787703330.9385,-35262172.92027414,-32805.58837638185,3466.19446359317,-393.42335213824003
Monday January 06 2025 02:40:24,-39998613706.741325,142791639278.35852,-35709337.30266628,-32803.79522809399,3459.6168973892077,-393.4204989772197
Monday January 06 2025 02:58:17,-40033248791.48445,142795288897.90408,-36124729.85806941,-32802.12838444139,3453.50809219626,-393.41783087534685
Monday January 06 2025 03:22:26,-40068467107.339615,142798993551.20734,-36547136.09387066,-32800.43230947125,3447.2975385344075,-393.415100287236
Monday January 06 2025 03:45:12,-40115970388.24638,142803980214.66367,-37116917.3701668,-32798.14274774035,3438.9223878662087,-393.4113891740454
Monday January 06 2025 04:06:15,-40160780284.02507,142808673341.79282,-37654424.18512254,-32795.981048414345,3431.023981221497,-393.40785898084084
Monday January 06 2025 04:29:20,-40202210823.14082,142813003209.27155,-38151421.93108051,-32793.98068824918,3423.7228614138016,-393.40456955287135
Monday January 06 2025 04:51:14,-40247632262.20059,142817739867.00943,-38696324.28211189,-32791.78577755628,3415.7202371722947,-393.4009351587341
Monday January 06 2025 05:11:30,-40290725004.84263,142822223729.7757,-39213319.27805142,-32789.701598695276,3408.129631183388,-393.3974599342013
Monday January 06 2025 05:30:18,-40330567803.15273,142826360809.90347,-39691349.006321445,-32787.773046175396,3401.112991541298,-393.3942232829695
Monday January 06 2025 05:49:08,-40367577858.45582,142830196331.91122,-40135413.44455556,-32785.980270203676,3394.596513803887,-393.3911965148755
Monday January 06 2025 06:07:58,-40404603979.00563,142834026368.44788,-40579691.51847446,-32784.18542548521,3388.0784532742287,-393.3881489376168
Monday January 06 2025 06:23:29,-40441646169.679474,142837850911.48254,-41024183.31154166,-32782.38851067355,3381.5588105255683,-393.3850805329728
Monday January 06 2025 06:44:27,-40472184792.39888,142840998590.02582,-41390650.54858687,-32780.90611283798,3376.184771568272,-393.38253618756573
Monday January 06 2025 07:07:54,-40513400343.281075,142845239049.8087,-41885264.75567622,-32778.904047857926,3368.93320197898,-393.3790812784129
Monday January 06 2025 07:27:46,-40559537207.659485,142849975330.83704,-42438968.69991593,-32776.66103373795,3360.817594423258,-393.375185220881
Monday January 06 2025 07:52:14,-40598603870.44858,142853977127.1868,-42907846.12594317,-32774.760184750616,3353.947167348467,-393.3718625856927
Monday January 06 2025 08:15:19,-40646721424.876205,142858895117.1718,-43485384.12791575,-32772.416981141,3345.4869172956996,-393.36774040704154
Monday January 06 2025 08:42:27,-40692111676.97884,142863523293.50458,-44030219.58217236,-32770.20459873554,3337.5081208750917,-393.3638217763926
Monday January 06 2025 09:04:21,-40745440183.19406,142868947167.7944,-44670380.79991646,-32767.60282626849,3328.1363104404804,-393.3591805083718
Monday January 06 2025 09:31:57,-40788512757.770935,142873317124.6118,-45187460.28196224,-32765.499470501207,3320.568734483801,-393.3554024166974
Monday January 06 2025 09:56:27,-40842755696.25716,142878806626.14847,-45838678.37798866,-32762.848161673275,3311.0409918854966,-393.3506071471858
Monday January 06 2025 10:16:41,-40890913865.3618,142883667490.38266,-46416882.77667439,-32760.49195813736,3302.584272608521,-393.3463148948301
Monday January 06 2025 10:33:29,-40930688347.79376,142887673034.7182,-46894456.19688826,-32758.544301436817,3295.601340051692,-393.34274512742974
Monday January 06 2025 11:58:10,-40963726017.35957,142890993874.524,-47291158.79086665,-32756.925404628415,3289.8022341887236,-393.339762982645
Monday January 06 2025 12:42:24,-41130143828.74841,142907635234.7639,-49289686.97556592,-32748.75516708405,3260.605942812691,-393.3245067963656
Monday January 06 2025 13:21:46,-41217021413.56165,142916265495.59018,-50333175.84198926,-32744.47966599684,3245.3741360294985,-393.3163870806853
Monday January 06 2025 13:54:15,-41294387437.23162,142923917831.3612,-51262517.64665178,-32740.66633454524,3231.8156979874225,-393.3090667576604
Monday January 06 2025 14:20:39,-41358189639.37923,142930205127.4269,-52028995.53707,-32737.517362886,3220.638404995218,-393.3029663942225
Monday January 06 2025 14:45:41,-41410034447.869545,142935298504.4897,-52651870.66145457,-32734.95576127894,3211.5586014006717,-393.29796711833944
Monday January 06 2025 15:09:36,-41459219569.297676,142940117663.7017,-53242829.44274658,-32732.52326163262,3202.9468489102524,-393.29318935269083
Monday January 06 2025 15:34:46,-41506166437.71838,142944705783.6895,-53806929.89905336,-32730.19935974187,3194.7290308346674,-393.2885972748472
Monday January 06 2025 15:57:45,-41555591590.8554,142949523722.78888,-54400844.89044279,-32727.750568820342,3186.0795558510804,-393.28372931093963
Monday January 06 2025 16:19:11,-41600707802.24122,142953910540.46167,-54943014.063823484,-32725.51328639062,3178.1860810983376,-393.27925578095403
Monday January 06 2025 16:40:53,-41642820919.89101,142957995807.93063,-55449122.428734325,-32723.423221078294,3170.8196848529296,-393.2750542335895
Monday January 06 2025 17:00:56,-41685398571.67408,142962116767.03275,-55960840.84957591,-32721.308428964676,3163.37366284805,-393.2707810350009
Monday January 06 2025 17:19:37,-41724765086.88755,142965918547.48947,-56433990.783436604,-32719.35163590449,3156.490665729982,-393.26680748553014
Monday January 06 2025 17:38:17,-41761465913.196625,142969455638.03125,-56875122.72558898,-32717.526053071495,3150.075009895586,-393.2630834282732
Monday January 06 2025 17:55:59,-41798091042.63162,142972978455.99265,-57315365.18822093,-32715.70299202105,3143.673800130824,-393.2593482285576
Monday January 06 2025 18:11:24,-41832838631.747536,142976314238.66714,-57733057.99634718,-32713.972239971896,3137.6018606653547,-393.2557871327717
Monday January 06 2025 18:33:41,-41863101749.03907,142979214399.79254,-58096858.91764553,-32712.4639459282,3132.314445380106,-393.25267184677637
Monday January 06 2025 18:54:41,-41906817521.72601,142983395349.94907,-58622402.286008395,-32710.28368466341,3124.6781124677213,-393.24814910132653
Monday January 06 2025 19:14:45,-41948055678.31321,142987330244.28137,-59118186.75222088,-32708.225371486897,3117.4761551425217,-393.24385816654114
Monday January 06 2025 19:38:02,-41987417424.81682,142991077855.75763,-59591436.189983845,-32706.25924943034,3110.603332268349,-393.2397402831118
Monday January 06 2025 20:05:25,-42033128930.04555,142995419927.6114,-60141058.76780627,-32703.974160602178,3102.623554848085,-393.23493091816573
Monday January 06 2025 20:29:43,-42086845204.710464,143000508496.1195,-60786968.977867626,-32701.286453396915,3093.2488094867786,-393.2292420329304
Monday January 06 2025 20:52:39,-42134536296.72901,143005013742.82867,-61360466.160339415,-32698.897986840722,3084.9277817299244,-393.2241574676723
Monday January 06 2025 21:13:51,-42179523214.43012,143009252712.85727,-61901476.57247663,-32696.643028698698,3077.080452916864,-393.2193320963716
Monday January 06 2025 21:33:52,-42221117303.84854,143013162642.44568,-62401712.28915716,-32694.556475872592,3069.8265792924894,-393.2148455127941
Monday January 06 2025 21:52:07,-42260353921.08684,143016842735.60828,-62873619.64539169,-32692.58672417631,3062.985271520054,-393.21059109607023
Monday January 06 2025 22:08:20,-42296170764.49107,143020195105.94617,-63304416.999632485,-32690.787414073227,3056.741448686703,-393.206688739875
Monday January 06 2025 22:25:43,-42327970962.77613,143023165949.85556,-63686919.29028557,-32689.18889644309,3051.198802777384,-393.20320902153253
Monday January 06 2025 22:44:16,-42362068836.69951,143026345619.08228,-64097075.72892886,-32687.47384680289,3045.2566942542494,-393.19946222438125
Monday January 06 2025 23:01:59,-42398452318.96244,143029731772.95435,-64534744.70922932,-32685.642656964712,3038.9174372074904,-393.1954464142287
Monday January 06 2025 23:20:58,-42433180522.05157,143032957467.83575,-64952520.488141574,-32683.893642769726,3032.8676998458036,-393.19159610903563
Monday January 06 2025 23:41:40,-42470417780.41831,143036409264.60153,-65400500.167517714,-32682.01703412754,3026.3820864976847,-393.1874489731751
Tuesday January 07 2025 00:02:46,-42510999384.83208,143040162885.01404,-65888737.62788088,-32679.970433734776,3019.315411199601,-393.1829074029394
Tuesday January 07 2025 00:22:17,-42552387230.20341,143043982283.51498,-66386700.659007505,-32677.88161614946,3012.109869395432,-393.1782520100304
Tuesday January 07 2025 00:43:13,-42590653698.24801,143047505729.8902,-66847131.52116626,-32675.948934126773,3005.449126018278,-393.17392652606173
Tuesday January 07 2025 01:05:15,-42631683814.423096,143051275210.13333,-67340839.85204244,-32673.875179730967,2998.3088012440935,-393.1692660415257
Tuesday January 07 2025 01:23:57,-42674880212.84272,143055234279.34366,-67860642.21817432,-32671.690269078867,2990.7931241844735,-393.1643342236158
Tuesday January 07 2025 01:44:19,-42711526803.057594,143058585457.85342,-68301649.8344726,-32669.835312928648,2984.4183556629187,-393.16012989442777
Tuesday January 07 2025 02:06:04,-42751461047.43871,143062229354.19278,-68782244.44842009,-32667.812543885782,2977.473067704001,-393.15552715960933
Tuesday January 07 2025 02:33:26,-42794071702.67288,143066108352.95737,-69295075.33694811,-32665.652598207806,2970.0638862725973,-393.1505915460691
Tuesday January 07 2025 03:07:54,-42847717152.307846,143070978510.85852,-69940752.0540352,-32662.930933806347,2960.7382875354533,-393.1443419601201
Tuesday January 07 2025 03:40:04,-42915253747.37162,143077088565.75214,-70753684.51918386,-32659.50077059135,2949.0015662199075,-393.1364173640677
Tuesday January 07 2025 04:08:33,-42978291401.83076,143082770283.14456,-71512525.84852646,-32656.29534723825,2938.0503865060678,-393.1289636552628
Tuesday January 07 2025 04:33:21,-43034090661.20264,143087782418.37622,-72184282.19730665,-32653.454964683522,2928.3596740013363,-393.1223199329786
Tuesday January 07 2025 04:56:53,-43082687001.50392,143092134421.0571,-72769362.36698066,-32650.978922306003,2919.9221799260563,-393.1164987295168
Tuesday January 07 2025 05:24:32,-43128790414.12012,143096251869.7693,-73324461.70236358,-32648.627907162234,2911.9194801271883,-393.1109459596126
Tuesday January 07 2025 05:50:56,-43182956542.40193,143101075333.72406,-73976679.67332189,-32645.863264149393,2902.5196822430203,-393.10438457086383
Tuesday January 07 2025 08:03:55,-43234657229.99136,143105665086.63385,-74599252.46863285,-32643.221965021756,2893.550186868608,-393.09808402813536
Tuesday January 07 2025 08:48:53,-43495072522.770836,143128573296.51883,-77735752.75233637,-32629.880837083016,2848.407517051066,-393.06578764065017
Tuesday January 07 2025 09:25:14,-43583086758.21562,143136236421.38083,-78796047.55735822,-32625.35792727463,2833.1641188442727,-393.0546609668554
Tuesday January 07 2025 09:59:56,-43654255124.25388,143142403541.2584,-79653488.12121426,-32621.695564691898,2820.8433780159,-393.04558600256877
Tuesday January 07 2025 10:38:00,-43722175708.64506,143148264805.46103,-80471870.52483803,-32618.196056553505,2809.0891317802275,-393.03686024195974
Tuesday January 07 2025 11:19:43,-43796642566.36792,143154663584.6302,-81369209.6884124,-32614.354463588603,2796.206748361087,-393.02722065378606
Tuesday January 07 2025 11:53:37,-43878277752.12597,143161645397.22348,-82353024.64953296,-32610.137310100683,2782.089990710453,-393.0165656787225
Tuesday January 07 2025 12:25:59,-43944606229.197205,143167292757.88898,-83152446.99234317,-32606.706445612155,2770.6245402371937,-393.007841220134
Tuesday January 07 2025 12:52:50,-44007914407.67529,143172661766.30902,-83915529.15537998,-32603.428103116497,2759.6848494013916,-392.9994577904317
Tuesday January 07 2025 13:26:38,-44060436859.932236,143177100353.85446,-84548651.94692177,-32600.705543487362,2750.6116619067825,-392.99246096789386
Tuesday January 07 2025 13:54:24,-44126559619.50313,143182668025.49472,-85345776.43130143,-32597.274461133577,2739.1925495304304,-392.98359867254834
Tuesday January 07 2025 14:19:03,-44180858415.85491,143187223214.9486,-86000409.7155698,-32594.453974351818,2729.8183097627125,-392.97627638997494
Tuesday January 07 2025 14:42:03,-44229061357.10321,143191254262.55765,-86581587.82543583,-32591.947905725985,2721.4986793773987,-392.96974236484175
Tuesday January 07 2025 15:00:57,-44274055369.13552,143195006135.94736,-87124107.79364431,-32589.606782904826,2713.7347724652727,-392.9636146644072
Tuesday January 07 2025 15:18:59,-44311004751.017876,143198079385.91992,-87569651.61439946,-32587.682875989143,2707.360354375441,-392.9585618761697
Tuesday January 07 2025 15:35:48,-44346273003.899155,143201006236.5843,-87994943.20030768,-32585.845358692484,2701.27709932667,-392.953721591265
Tuesday January 07 2025 15:53:45,-44379153189.43831,143203729124.39655,-88391454.5240195,-32584.131255932527,2695.6067524377863,-392.9491937566091
Tuesday January 07 2025 16:10:29,-44414236705.93138,143206628323.9178,-88814554.39232707,-32582.301218916804,2689.557496205855,-392.9443462399839
Tuesday January 07 2025 16:27:24,-44446944040.07512,143209325442.90305,-89209014.70046824,-32580.594133808136,2683.918942801948,-392.93981192019254
Tuesday January 07 2025 16:44:27,-44480012180.7176,143212046704.3399,-89607842.82636909,-32578.867241303455,2678.2191603551064,-392.9352127513565
Tuesday January 07 2025 17:02:45,-44513353622.38021,143214784745.54184,-90009983.85623077,-32577.12508331694,2672.473259673437,-392.9305604804613
Tuesday January 07 2025 17:20:06,-44549103229.435036,143217714178.2733,-90441189.08478938,-32575.25598642812,2666.3134509205474,-392.9255553597725
Tuesday January 07 2025 17:36:17,-44583020318.93127,143220487355.54074,-90850308.61410439,-32573.481640123853,2660.470448070808,-392.9207907073908
Tuesday January 07 2025 17:58:06,-44614640736.57133,143223067405.4855,-91231740.50569688,-32571.82651407504,2655.0240255019517,-392.91633458079826
Tuesday January 07 2025 18:17:26,-44657291142.07262,143226539273.7462,-91746249.17339973,-32569.592620450334,2647.679169725897,-392.91030248741856
Tuesday January 07 2025 18:35:22,-44695045094.26756,143229604730.4058,-92201712.84513868,-32567.613828879512,2641.178890759097,-392.9049422526575
Tuesday January 07 2025 18:52:58,-44730114751.34113,143232445650.50922,-92624812.40506925,-32565.774586214186,2635.1419197315686,-392.8999457608072
Tuesday January 07 2025 19:09:40,-44764495085.98935,143235224575.51288,-93039613.57300031,-32563.970427537475,2629.2246758821216,-392.8950312468892
Tuesday January 07 2025 19:25:36,-44797113154.123764,143237855425.98337,-93433169.31787483,-32562.25776946121,2623.611713188298,-392.89035378968407
Tuesday January 07 2025 19:41:30,-44828247546.38535,143240361493.3885,-93808838.59744154,-32560.622126919618,2618.2549491206005,-392.88587560826863
Tuesday January 07 2025 19:58:29,-44859319079.786224,143242857520.3667,-94183763.96273023,-32558.98892326563,2612.9098623735804,-392.8813933414719
Tuesday January 07 2025 20:13:22,-44892473444.406944,143245515377.7587,-94583837.88015203,-32557.245289542854,2607.207425988234,-392.8765961563108
Tuesday January 07 2025 20:27:16,-44921555264.95106,143247842091.64432,-94934782.00099504,-32555.71502861381,2602.2062603708914,-392.87237595325945
Tuesday January 07 2025 20:41:17,-44948701725.39845,143250010033.00397,-95262382.6968752,-32554.28592359513,2597.538596981789,-392.8684262430541
Tuesday January 07 2025 20:54:37,-44976073084.919754,143252192090.79626,-95592708.67700863,-32552.84431328746,2592.8329289783237,-392.8644336890096
Tuesday January 07 2025 21:08:03,-45002119363.72325,143254264928.47482,-95907053.64137681,-32551.471872637994,2588.355688381523,-392.8606249844628
Tuesday January 07 2025 21:22:43,-45028380364.2429,143256351316.0776,-96224000.3515968,-32550.087505419724,2583.842150422851,-392.8567755690976
Tuesday January 07 2025 21:38:41,-45056997729.55193,143258620867.4975,-96569398.08187439,-32548.578220867144,2578.924318703984,-392.85257010689816
Tuesday January 07 2025 21:54:58,-45088185632.804146,143261089476.28897,-96945834.98660779,-32546.932534751562,2573.565576947183,-392.8479742538261
Tuesday January 07 2025 22:12:21,-45119993161.11729,143263601969.9929,-97329765.81214164,-32545.253260629976,2568.1012634106705,-392.8432735206365
Tuesday January 07 2025 22:28:29,-45153932807.106575,143266277134.74796,-97739449.01263629,-32543.460428239014,2562.271661048018,-392.8382425790909
Tuesday January 07 2025 22:46:03,-45185422239.38545,143268753865.6187,-98119571.33808458,-32541.796109377905,2556.863834576687,-392.83356089136237
Tuesday January 07 2025 23:05:13,-45219739232.39684,143271447177.7167,-98533843.3293544,-32539.981340147373,2550.9714239042482,-392.82844353533244
Tuesday January 07 2025 23:23:30,-45257137502.280556,143274375414.05875,-98985332.41036257,-32538.00243259492,2544.551136084386,-392.8228485567
Tuesday January 07 2025 23:42:45,-45292834375.11445,143277163716.46707,-99416301.05861185,-32536.112393684147,2538.4240948059114,-392.8174904725798
Wednesday January 08 2025 00:07:00,-45330418602.59107,143280092351.98077,-99870076.4565372,-32534.12120149694,2531.9743326844323,-392.8118304808108
Wednesday January 08 2025 00:30:09,-45377750033.21114,143283770164.2323,-100441565.49507792,-32531.611822840307,2523.8536596579074,-392.8046754544768
Wednesday January 08 2025 00:52:14,-45422927446.069916,143287269846.90683,-100987077.90377319,-32529.21478905324,2516.1044125001,-392.79781782270885
Wednesday January 08 2025 01:20:04,-45466047961.704254,143290600394.30954,-101507782.10774639,-32526.92520147867,2508.7096776770336,-392.79124671218165
Wednesday January 08 2025 01:44:42,-45520356199.78696,143294781447.0033,-102163624.03356466,-32524.03922877926,2499.3987150696016,-392.78293501028696
Wednesday January 08 2025 02:06:19,-45568428286.17546,143298469733.26465,-102744193.3667553,-32521.4824679688,2491.1591086988747,-392.7755445404055
Wednesday January 08 2025 02:26:19,-45610622473.389595,143301697246.31775,-103253803.58367868,-32519.236642091986,2483.9286743072125,-392.76903204949224
Wednesday January 08 2025 02:51:30,-45649633758.074814,143304673145.39517,-103724995.33924513,-32517.15882687043,2477.245073616509,-392.7629894814265
Wednesday January 08 2025 03:12:15,-45698747839.17851,143308408585.7001,-104318244.65840462,-32514.54100246504,2468.832537494699,-392.75535291360865
Wednesday January 08 2025 03:30:38,-45739252334.60566,143311479877.80545,-104807525.9903185,-32512.38047137262,2461.8963131179503,-392.7490305825805
Wednesday January 08 2025 03:49:02,-45775106500.04648,143314191514.9753,-105240653.38075028,-32510.46678116968,2455.757654875797,-392.74341569749487
Wednesday January 08 2025 04:08:39,-45810975028.786865,143316897624.54507,-105673973.5968305,-32508.551187685644,2449.617680570081,-392.73778125889913
Wednesday January 08 2025 04:27:21,-45849246889.09338,143319777759.7456,-106136349.26059893,-32506.50598879114,2443.067564612205,-392.7317502119852
Wednesday January 08 2025 04:44:48,-45885720723.065475,143322515577.39218,-106577022.80590129,-32504.55567057963,2436.8263865672184,-392.7259841817247
Wednesday January 08 2025 05:03:32,-45919766839.51359,143325064993.52777,-106988382.90875563,-32502.73410710724,2431.0016909422875,-392.72058580986715
Wednesday January 08 2025 05:23:30,-45956272635.947205,143327791974.4206,-107429481.27225895,-32500.77980774924,2424.7573307696894,-392.7147801311074
Wednesday January 08 2025 05:42:08,-45995224414.838356,143330694116.95685,-107900156.41915719,-32498.69326938489,2418.0958873744553,-392.70856572310606
Wednesday January 08 2025 06:00:23,-46031538258.30526,143333392694.34695,-108338976.49174803,-32496.746833319736,2411.886790951303,-392.702753830461
Wednesday January 08 2025 06:19:58,-46067138203.39283,143336031642.2899,-108769188.95380759,-32494.837534675145,2405.800896266384,-392.69703901877295
Wednesday January 08 2025 06:38:08,-46105309233.55969,143338853944.94467,-109230493.17453519,-32492.78910345674,2399.2767181921804,-392.6908925894057
Wednesday January 08 2025 06:57:31,-46140724137.74968,143341465769.6533,-109658508.63330077,-32490.88743143463,2393.2247724883314,-392.68517248996375
Wednesday January 08 2025 07:15:54,-46178509886.969894,143344245337.8456,-110115198.26445794,-32488.857235356063,2386.7689073768447,-392.6790509234859
Wednesday January 08 2025 07:35:57,-46214358361.44111,143346875617.8475,-110548493.22359695,-32486.929966506246,2380.645205284387,-392.67322552638825
Wednesday January 08 2025 07:55:03,-46253425478.420616,143349734540.21094,-111020713.36527671,-32484.828371928852,2373.9729868309164,-392.66685749926097
Wednesday January 08 2025 08:14:36,-46290657366.94838,143352451866.06403,-111470771.65611571,-32482.824254233296,2367.615464203695,-392.660769602578
Wednesday January 08 2025 08:38:40,-46328746003.61581,143355224354.2619,-111931207.81167215,-32480.77275946629,2361.1129197162595,-392.6545224198696
Wednesday January 08 2025 09:01:38,-46375655025.51153,143358628645.178,-112498299.47448242,-32478.244438908503,2353.1063144123573,-392.64680187572355
Wednesday January 08 2025 09:23:34,-46420428128.92162,143361867389.6855,-113039600.40481757,-32475.829439722846,2345.4660949248328,-392.63940542865214
Wednesday January 08 2025 09:47:06,-46463163757.83354,143364949150.0783,-113556296.56912106,-32473.52269897332,2338.1752135219454,-392.6323205776942
Wednesday January 08 2025 10:09:17,-46508986134.15603,143368243087.2741,-114110343.54294242,-32471.047566122,2330.359517646479,-392.6246968899863
Wednesday January 08 2025 10:29:59,-46552210158.94399,143371340364.304,-114633002.20468777,-32468.711099041637,2322.9887146785823,-392.6174798040722
Wednesday January 08 2025 10:49:46,-46592556899.72564,143374222813.0752,-115120894.43086828,-32466.528686521186,2316.110055628612,-392.6107206334301
Wednesday January 08 2025 11:08:38,-46631067629.80869,143376966301.47275,-115586607.48594001,-32464.44425720102,2309.5457602056044,-392.6042487850809
Wednesday January 08 2025 11:30:49,-46667826230.34103,143379577870.24905,-116031152.64046754,-32462.45345304843,2303.2813466622183,-392.59805293718154
Wednesday January 08 2025 11:51:19,-46711020107.61225,143382637783.1593,-116553549.56445631,-32460.1126113816,2295.921759724451,-392.59074937062104
Wednesday January 08 2025 12:08:20,-46750956085.32779,143385458385.9874,-117036569.5524633,-32457.946876636306,2289.118739197152,-392.5839745549197
Wednesday January 08 2025 12:26:29,-46784089202.58371,143387792305.86115,-117437328.04142042,-32456.149004384817,2283.4756447982154,-392.5783376641938
Wednesday January 08 2025 12:46:23,-46819443155.47871,143390276453.00485,-117864966.57223313,-32454.229567495273,2277.4553782238763,-392.57230682451154
Wednesday January 08 2025 13:10:55,-46858206525.0313,143392992795.03308,-118333866.64469457,-32452.123772319945,2270.8558083043517,-392.56567526863705
Wednesday January 08 2025 13:34:10,-46905946435.46955,143396327578.35944,-118911382.12968713,-32449.52853035118,2262.729784257923,-392.5574805502157
Wednesday January 08 2025 13:58:40,-46951238208.68995,143399480547.96368,-119459313.75067607,-32447.06453661229,2255.0223319473357,-392.5496780422337
Wednesday January 08 2025 14:21:54,-46998920645.057785,143402788577.07352,-120036200.36879228,-32444.468551972193,2246.910012588103,-392.54143422216674
Wednesday January 08 2025 14:42:32,-47044157890.980225,143405916192.72607,-120583535.28248091,-32442.00386004873,2239.2155570539785,-392.53358522413805
Wednesday January 08 2025 15:06:47,-47084321255.591774,143408684218.37106,-121069505.91698544,-32439.814118322192,2232.3856397930936,-392.52659380396346
Wednesday January 08 2025 15:29:56,-47131515653.83355,143411926250.57812,-121640581.85075967,-32437.239244160977,2224.361893048338,-392.51835109262777
Wednesday January 08 2025 15:48:57,-47176562171.55441,143415010085.33292,-122185698.44603631,-32434.77974848607,2216.7051535384894,-392.5104559486994
Wednesday January 08 2025 16:09:20,-47213554537.14347,143417534765.31384,-122633372.90255523,-32432.75868211082,2210.418751498254,-392.5039523001478
Wednesday January 08 2025 16:28:47,-47253218403.602905,143420233981.45947,-123113400.0953623,-32430.59033775971,2203.679703223258,-392.4969588167335
Wednesday January 08 2025 16:48:27,-47291077347.6554,143422802849.40417,-123571605.388531,-32428.51938998105,2197.248614405261,-392.49026412538484
Wednesday January 08 2025 17:07:07,-47329353901.41658,143425392588.32596,-124034886.7959972,-32426.424332882325,2190.7478729523104,-392.48347628230516
Wednesday January 08 2025 17:26:10,-47365667942.103,143427842608.02194,-124474435.12950903,-32424.43551779334,2184.5816327988555,-392.47701852849957
Wednesday January 08 2025 17:46:34,-47402703486.524284,143430334347.99017,-124922736.9260075,-32422.406009493607,2178.2940779736305,-392.47041448722445
Wednesday January 08 2025 18:05:57,-47442414414.242775,143432998281.64612,-125403446.05763306,-32420.22857142096,2171.553666027082,-392.46331321531295
Wednesday January 08 2025 18:24:13,-47480089191.920525,143435518157.87653,-125859528.96759324,-32418.161516210286,2165.1601503491215,-392.45655677199045
Wednesday January 08 2025 18:40:15,-47515628638.36371,143437888549.8429,-126289781.46488036,-32416.210490185837,2159.1301542421147,-392.45016606630736
Wednesday January 08 2025 18:56:37,-47546823454.02412,143439963835.65488,-126667451.96542397,-32414.497071821406,2153.838232093471,-392.444542852839
Wednesday January 08 2025 19:14:33,-47578637959.41609,143442075215.0843,-127052639.9350415,-32412.74874826397,2148.4420691820287,-392.4387946880996
Wednesday January 08 2025 19:33:41,-47613520740.03016,143444384265.40262,-127474993.8467977,-32410.830804848778,2142.5265119438836,-392.43247678742284
Wednesday January 08 2025 19:54:33,-47650741486.08745,143446841206.37296,-127925675.45064259,-32408.783153173008,2136.2156567026027,-392.4257177183548
Wednesday January 08 2025 20:16:31,-47691303918.88927,143449510656.2665,-128416842.93108143,-32406.550298550854,2129.3396023219498,-392.41833099356455
Wednesday January 08 2025 20:40:04,-47734009787.02336,143452312066.27283,-128933991.68857493,-32404.1979164686,2122.1017648163565,-392.4105304708548
Wednesday January 08 2025 21:05:53,-47779796598.89885,143455305210.2461,-129488479.56250226,-32401.67407526387,2114.343551069348,-392.4021404708421
Wednesday January 08 2025 21:33:34,-47829993051.69984,143458574289.55954,-130096405.11390504,-32398.905087346673,2105.8402812094364,-392.3929106857291
Wednesday January 08 2025 21:58:09,-47883810129.951515,143462064842.47708,-130748221.61874336,-32395.933959154645,2096.7261437794195,-392.382978283074
Wednesday January 08 2025 22:18:24,-47931589723.82234,143465151388.13977,-131326950.16742973,-32393.294054228965,2088.6366162464683,-392.3741281830495
Wednesday January 08 2025 22:43:53,-47970936977.96949,143467684438.08508,-131803567.92485352,-32391.11857283942,2081.9762713371697,-392.36681741992106
Wednesday January 08 2025 23:06:16,-48020473837.02247,143470862200.17166,-132403646.41153683,-32388.37781851898,2073.5930611903746,-392.35758444830583
Wednesday January 08 2025 23:26:23,-48063953450.323166,143473641049.9118,-132930378.9767881,-32385.970455343606,2066.23670949153,-392.34945386497714
Wednesday January 08 2025 23:45:29,-48103058264.40274,143476132040.89316,-133404137.27593362,-32383.803924456843,2059.621954818174,-392.34212012995306
Thursday January 09 2025 00:02:23,-48140158016.225555,143478488079.5112,-133853625.17884694,-32381.747264102454,2053.347609313066,-392.3351438483421
Thursday January 09 2025 00:23:41,-48172998711.294365,143480567771.80984,-134251528.95713073,-32379.92572090335,2047.7945699871584,-392.32895335779244
Thursday January 09 2025 00:43:46,-48214360677.3402,143483179241.2578,-134752700.90446737,-32377.630217281883,2040.8020172911276,-392.3211364503391
Thursday January 09 2025 01:00:00,-48253378058.81565,143485634663.36246,-135225487.556934,-32375.463485731776,2034.2072135268506,-392.3137420562015
Thursday January 09 2025 01:17:20,-48284929549.206764,143487614554.29407,-135607824.1326255,-32373.710397274295,2028.875290136989,-392.30774795461105
Thursday January 09 2025 01:34:49,-48318595903.30836,143489721543.20166,-136015804.72178185,-32371.838858482497,2023.1869387319991,-392.30133767367744
Thursday January 09 2025 01:53:13,-48352540693.962,143491840092.1984,-136427176.6315689,-32369.950856250613,2017.4525508333893,-392.2948593287987
Thursday January 09 2025 02:10:18,-48388279612.79344,143494064251.0662,-136860309.90251684,-32367.961996616326,2011.4161704351432,-392.28802225220994
Thursday January 09 2025 02:28:31,-48421438066.8738,143496121980.579,-137262186.60847008,-32366.115759378114,2005.816640019919,-392.28166386579915
Thursday January 09 2025 02:47:09,-48456818994.11252,143498311434.74332,-137691017.53267452,-32364.1447370627,1999.8428618799944,-392.2748634196942
Thursday January 09 2025 03:03:23,-48493013664.7478,143500544626.03726,-138129730.6810065,-32362.127272178048,1993.732827983874,-392.2678896040327
Thursday January 09 2025 03:20:41,-48524517116.72091,143502482922.94733,-138511597.79821005,-32360.37037896144,1988.4156570073842,-392.26180571030574
Thursday January 09 2025 03:34:45,-48558131584.21481,143504545511.3516,-138919069.7877634,-32358.494820860844,1982.7431489408789,-392.25529981830704
Thursday January 09 2025 03:49:04,-48585413283.095535,143506215276.30527,-139249788.83679432,-32356.97189584603,1978.1400376881745,-392.2500087309514
Thursday January 09 2025 04:03:44,-48613237429.25695,143507914325.05508,-139587095.07381666,-32355.418034191996,1973.446075107779,-392.2446024133505
Thursday January 09 2025 04:19:38,-48641701887.59561,143509648381.3763,-139932175.63086668,-32353.827728480413,1968.6447946053845,-392.2390612065857
Thursday January 09 2025 04:34:11,-48672546257.99599,143511522749.92612,-140306122.00173414,-32352.103675180726,1963.4428822828052,-392.2330447439122
Thursday January 09 2025 04:49:03,-48700817658.130356,143513236494.53882,-140648887.04453894,-32350.52272427515,1958.6756357172737,-392.2275192417719
Thursday January 09 2025 05:04:09,-48729651131.44157,143514980105.97568,-140998478.99314064,-32348.909638388475,1953.814332520388,-392.22187313044725
Thursday January 09 2025 05:20:16,-48758969832.1567,143516748706.3709,-141353966.80384213,-32347.268678211767,1948.8719684649168,-392.2161208697022
Thursday January 09 2025 05:35:33,-48790253266.27964,143518630985.19165,-141733291.04756057,-32345.516942848415,1943.599233681148,-392.20997075677326
Thursday January 09 2025 05:48:43,-48819889746.82046,143520409559.5541,-142092658.77725494,-32343.856658976263,1938.6048803272104,-392.2041326413752
Thursday January 09 2025 06:02:51,-48845456531.43382,143521940295.95578,-142402688.4782309,-32342.423763813124,1934.2969730873103,-392.19908701078333
Thursday January 09 2025 06:17:08,-48872870735.80365,143523577933.33316,-142735131.31592652,-32340.886710059123,1929.678419570807,-392.19366731670425
Thursday January 09 2025 06:37:48,-48900587492.0651,143525229743.50122,-143071254.49006736,-32339.332041219404,1925.0095643333964,-392.1881778452477
Thursday January 09 2025 06:57:31,-48940687011.81383,143527612576.48688,-143557564.63359725,-32337.081647769206,1918.2560394370903,-392.18021816577465
Thursday January 09 2025 07:15:51,-48978961682.0168,143529879315.0462,-144021766.12730196,-32334.932386920347,1911.8111691756935,-392.17260116819926
Thursday January 09 2025 07:34:20,-49014514671.67269,143531978168.80826,-144452978.19489342,-32332.93484018319,1905.8257389293315,-392.1655087115374
Thursday January 09 2025 07:51:52,-49050361562.00699,143534087841.23157,-144887773.97464907,-32330.919690825915,1899.7919515467522,-392.15834095873606
Thursday January 09 2025 08:10:34,-49084370588.620926,143536083288.82855,-145300295.55585614,-32329.00684665797,1894.0685564352616,-392.15152523114085
Thursday January 09 2025 08:30:57,-49120659018.98052,143538205969.28738,-145740484.78290206,-32326.96471167391,1887.9626770818318,-392.1442360905258
Thursday January 09 2025 08:53:19,-49160205433.29224,143540511572.96503,-146220216.6492823,-32324.73795792378,1881.309924195339,-392.13627302185546
Thursday January 09 2025 09:14:32,-49203564059.141785,143543030262.68295,-146746220.68697488,-32322.29502061813,1874.0174309416368,-392.1275189534618
Thursday January 09 2025 09:34:39,-49244699399.6894,143545410936.18936,-147245278.88975516,-32319.97587219304,1867.1003944220902,-392.119191174601
Thursday January 09 2025 09:58:18,-49283725603.473015,143547661565.53952,-147718772.1308496,-32317.774305117604,1860.5393856120731,-392.111270062471
Thursday January 09 2025 10:23:40,-49329583738.198044,143550296262.19235,-148275184.137481,-32315.185679122013,1852.8315100345023,-392.1019370007957
Thursday January 09 2025 10:50:22,-49378753692.27848,143553109317.4195,-148871814.34969285,-32312.40812323519,1844.5690260250785,-392.0918995865107
Thursday January 09 2025 18:28:22,-49430521860.09818,143556057694.09604,-149500010.30547732,-32309.481581376454,1835.8722266035109,-392.0812978779037
Thursday January 09 2025 19:12:53,-50317690245.450195,143604462353.79733,-160271813.27977383,-32258.97653712875,1687.1962665355295,-391.89422590372754
Thursday January 09 2025 19:48:43,-50403845464.93319,143608949520.08456,-161318514.5802651,-32254.036569727003,1672.7945487381007,-391.8755183827489
Thursday January 09 2025 20:20:10,-50473186408.247986,143612533522.57297,-162161019.0673053,-32250.056179044735,1661.2082052283206,-391.86039261334156
Thursday January 09 2025 20:46:09,-50534046292.38498,143615659006.65076,-162900536.09312236,-32246.559308908094,1651.0424334257937,-391.84706600828565
Thursday January 09 2025 21:09:52,-50584309616.282524,143618226091.04727,-163511334.31972152,-32243.668954894056,1642.64909732228,-391.8360239224225
Thursday January 09 2025 21:35:18,-50630190275.62179,143620558120.30716,-164068907.32293287,-32241.028777224627,1634.9895308400073,-391.8259163586438
Thursday January 09 2025 22:02:04,-50679380445.871284,143623046471.39532,-164666734.49315405,-32238.196200139948,1626.7794921029881,-391.81504973578177
Thursday January 09 2025 22:25:34,-50731169801.009,143625653005.7382,-165296189.40538555,-32235.211765564633,1618.137914614693,-391.80357542732764
Thursday January 09 2025 22:50:19,-50776626620.70865,143627929585.4212,-165848710.644385,-32232.59040594165,1610.5549079063783,-391.7934758363088
Thursday January 09 2025 23:16:51,-50824482559.84873,143630314963.8085,-166430426.0031256,-32229.828832090476,1602.5736277939209,-391.7828146323387
Thursday January 09 2025 23:45:57,-50875794300.71067,143632859659.3771,-167054186.32251817,-32226.8657147861,1594.0182116189023,-391.7713510074764
Friday January 10 2025 00:13:33,-50932046943.60579,143635634006.11246,-167738054.59573328,-32223.61475038692,1584.6416094916246,-391.75874484572705
Friday January 10 2025 00:39:19,-50985412596.39152,143638251098.33704,-168386868.90655017,-32220.528193688315,1575.7487748811184,-391.7467482764641
Friday January 10 2025 01:03:37,-51035223749.683464,143640680812.7109,-168992506.11431852,-32217.6450812617,1567.4504944072191,-391.7355179345424
Friday January 10 2025 01:25:54,-51082209765.49354,143642961162.43875,-169563827.17427963,-32214.923597049692,1559.6248433742653,-391.72489551150557
Friday January 10 2025 01:46:30,-51125274496.29489,143645041347.61023,-170087496.60059485,-32212.427624783148,1552.453977871639,-391.7151348546598
Friday January 10 2025 02:05:19,-51165090862.70383,143646956239.57446,-170571690.23164207,-32210.118550949195,1545.825442683314,-391.70608939570224
Friday January 10 2025 02:24:20,-51201436528.14423,143648697181.57022,-171013698.35961944,-32208.009603165272,1539.7759037357737,-391.6978147609124
Friday January 10 2025 02:42:22,-51238182651.18856,143650450481.72556,-171460596.47450432,-32205.876303018318,1533.6608769477762,-391.6894318393965
Friday January 10 2025 03:01:37,-51273044874.218956,143652107551.77304,-171884601.54128265,-32203.851336088384,1527.860439064098,-391.6814627895931
Friday January 10 2025 03:22:10,-51310243543.16694,143653868868.4471,-172337043.06768417,-32201.68954422165,1521.672422712804,-391.67294258778173
Friday January 10 2025 03:41:10,-51349932118.79244,143655740328.4577,-172819791.57231268,-32199.38178570023,1515.0715335138725,-391.6638326567257
Friday January 10 2025 03:59:05,-51386626710.06312,143657463492.44012,-173266143.8019005,-32197.246954776136,1508.9698113303227,-391.6553921143404
Friday January 10 2025 04:20:08,-51421241627.39131,143659082726.87,-173687217.23019934,-32195.232092396993,1503.2149764652563,-391.6474142391425
Friday January 10 2025 04:43:13,-51461910528.46395,143660977382.48666,-174181957.0980699,-32192.86357125768,1496.4549765519532,-391.6380216018922
Friday January 10 2025 05:02:46,-51506496374.24763,143663044865.8553,-174724375.04687202,-32190.26535597078,1489.0455491840783,-391.6277001687952
Friday January 10 2025 05:21:19,-51544249275.19111,143664787606.94962,-175183688.50155655,-32188.06403953434,1482.772991737226,-391.6189407813841
Friday January 10 2025 05:41:39,-51580066585.83569,143666434307.51935,-175619472.50589404,-32185.974493860933,1476.823170595429,-391.61061375036013
Friday January 10 2025 07:24:06,-51619336802.301636,143668232269.47186,-176097289.37572452,-32183.682289179967,1470.3010454485297,-391.6014652440128
Friday January 10 2025 08:08:06,-51817141077.74104,143677169581.74237,-178504402.95962423,-32172.11706064917,1437.4693884448545,-391.5550866875439
Friday January 10 2025 08:43:40,-51902060147.32688,143680945518.28574,-179537975.38202253,-32167.14209765079,1423.384875251376,-391.53502383115574
Friday January 10 2025 09:22:41,-51970723488.62845,143683971885.9178,-180373773.18533835,-32163.115124743337,1412.0010708628088,-391.5187347779002
Friday January 10 2025 09:57:26,-52046003275.86753,143687262387.1798,-181290189.31375492,-32158.695646205633,1399.5250046678223,-391.5008075605994
Friday January 10 2025 10:29:52,-52113040824.424194,143690168418.02344,-182106339.4856047,-32154.75612073117,1388.4190463308983,-391.4847828547336
Friday January 10 2025 11:00:50,-52175612839.53709,143692860302.86557,-182868183.98954743,-32151.07568088659,1378.0563902434203,-391.46977436540647
Friday January 10 2025 11:28:00,-52235335070.68354,143695411067.04007,-183595385.09049612,-32147.55986124568,1368.1688495639257,-391.4554033168227
Friday January 10 2025 12:02:13,-52287753949.24407,143697634996.5453,-184233701.26326236,-32144.47157196021,1359.4929841321584,-391.44275259694973
Friday January 10 2025 12:34:53,-52353745410.71541,143700414946.80164,-185037351.6135634,-32140.580438307647,1348.574093026598,-391.4267770108061
Friday January 10 2025 13:03:33,-52416729409.1942,143703047611.7735,-185804436.9354908,-32136.863304947932,1338.1563238340061,-391.41147829520827
Friday January 10 2025 13:29:05,-52472010850.78705,143705341745.99054,-186477760.825482,-32133.598074074507,1329.0154078377664,-391.3980093418964
Friday January 10 2025 13:53:19,-52521241301.73215,143707371728.65796,-187077422.1807937,-32130.688140615257,1320.877259137964,-391.3859822842244
Friday January 10 2025 14:19:18,-52567945624.89458,143709286193.28506,-187646346.69483778,-32127.92568792956,1313.158631978821,-391.3745441720941
Friday January 10 2025 14:43:26,-52618022570.31213,143711326624.37024,-188256390.37260514,-32124.96176905186,1304.8847176599845,-391.3622496101145
Friday January 10 2025 15:04:52,-52664536779.43594,143713210504.39072,-188823065.59529322,-32122.20688120117,1297.201391854882,-391.35080150622827
Friday January 10 2025 15:23:50,-52705833498.92484,143714873882.32645,-189326203.8040372,-32119.759526077163,1290.381467806767,-391.34061474960305
Friday January 10 2025 15:43:00,-52742388911.67248,143716339076.71884,-189771597.40240058,-32117.591990663368,1284.345771948025,-391.3315796680897
Friday January 10 2025 16:01:19,-52779347017.60784,143717813529.02283,-190221917.5431649,-32115.399468000433,1278.2447589202545,-391.32242799899035
Friday January 10 2025 16:20:51,-52814623278.770226,143719214429.05322,-190651763.91154543,-32113.305679601293,1272.4224823025916,-391.3136768006697
Friday January 10 2025 16:39:23,-52852263643.4915,143720702261.1315,-191110437.5291656,-32111.07045195567,1266.211198525024,-391.30432190554717
Friday January 10 2025 16:59:35,-52887973939.8789,143722107168.09708,-191545611.31870443,-32108.948770463245,1260.3195372454522,-391.295430269542
Friday January 10 2025 17:18:45,-52926890194.24775,143723630848.12033,-192019875.12253395,-32106.635426752357,1253.9001929961553,-391.2857221630934
Friday January 10 2025 17:41:17,-52963811080.13314,143725069313.22552,-192469842.52035314,-32104.439554657507,1247.811197038076,-391.27649427649845
Friday January 10 2025 18:04:19,-53007195326.96111,143726750773.45197,-192998606.86361378,-32101.85785417478,1240.6577642361813,-391.2656291323366
Friday January 10 2025 18:25:43,-53051574888.16261,143728460947.38672,-193539530.8366381,-32099.21533844521,1233.341896558084,-391.2544903310709
Friday January 10 2025 18:45:55,-53092798217.65324,143730040560.93695,-194042010.91142473,-32096.75931937443,1226.5478463760692,-391.2441216215529
Friday January 10 2025 19:04:58,-53131684609.13492,143731522740.11658,-194516028.5775836,-32094.441263728386,1220.140290434073,-391.23432121906626
Friday January 10 2025 19:24:14,-53168366098.92718,143732913860.9671,-194963189.4089884,-32092.253517011108,1214.097243628879,-391.22505917251397
Friday January 10 2025 19:44:30,-53205451647.6523,143734313380.59232,-195415296.09245825,-32090.04055932397,1207.9888084137435,-391.21567799653985
Friday January 10 2025 20:08:20,-53244497536.41343,143735779354.61856,-195891323.08547306,-32087.70941678613,1201.5587612303584,-391.20578235259546
Friday January 10 2025 20:30:27,-53290360684.533775,143737491425.91,-196450491.31470883,-32084.96968404351,1194.007728952962,-391.19413463788607
Friday January 10 2025 20:49:56,-53332958795.30174,143739072076.69287,-196969879.7255024,-32082.423465272455,1186.9958827124983,-391.1832926003463
Friday January 10 2025 21:09:52,-53370450867.86804,143740455663.4801,-197427033.64694703,-32080.18123134793,1180.8258058446786,-391.17373140237356
Friday January 10 2025 21:28:40,-53408804890.17211,143741863698.21457,-197894719.1213188,-32077.886267999635,1174.5151290614406,-391.16393223754005
Friday January 10 2025 21:46:28,-53444984808.912605,143743185095.14774,-198335913.7019696,-32075.720301544578,1168.5633337114689,-391.15467171801686
Friday January 10 2025 22:06:00,-53479259546.76924,143744430799.5919,-198753893.47455338,-32073.667412882187,1162.9259894787433,-391.14588378514077
Friday January 10 2025 22:30:36,-53516838517.52131,143745789764.0543,-199212188.25612742,-32071.415522850013,1156.7463418232078,-391.136231825224
Friday January 10 2025 22:56:58,-53564167453.3182,143747491149.44513,-199789418.54346323,-32068.577746392893,1148.965095439159,-391.1240505969154
Friday January 10 2025 23:18:22,-53614898157.667755,143749302238.36285,-200408174.02630824,-32065.533990986885,1140.6267097899865,-391.11096285710727
Saturday January 11 2025 00:05:18,-53656070115.64901,143750762508.93448,-200910370.7359946,-32063.062213120193,1133.8610796919515,-391.10031756889236
Saturday January 11 2025 00:42:44,-53746345080.332596,143753934334.33087,-202011591.11295134,-32057.63771536439,1119.0316382920175,-391.07690253039215
Saturday January 11 2025 01:16:25,-53818370122.34307,143756435385.09195,-202890275.89958173,-32053.3051073793,1107.20512648354,-391.0581483704326
Saturday January 11 2025 01:47:43,-53883144676.372826,143758662259.55164,-203680572.2578426,-32049.405069514556,1096.572949063151,-391.041227060102
Saturday January 11 2025 02:13:33,-53943310240.78439,143760711677.74734,-204414691.11965126,-32045.779503845948,1086.7005233716334,-391.02546309446257
Saturday January 11 2025 02:36:15,-53992999923.089836,143762390457.11734,-205021027.28966036,-32042.783012267977,1078.549402757217,-391.012410033855
Saturday January 11 2025 03:02:54,-54036613768.984375,143763853676.66364,-205553253.37495014,-32040.151278945104,1071.3967111451084,-391.0009278009619
Saturday January 11 2025 03:28:02,-54087841914.722374,143765560071.56775,-206178433.7319601,-32037.05812930741,1062.9973545894475,-390.9874108232335
Saturday January 11 2025 03:50:25,-54136165272.70306,143767157550.87167,-206768200.01917243,-32034.138434161043,1055.076329354275,-390.97463048356144
Saturday January 11 2025 04:08:36,-54179199683.56584,143768570252.21304,-207293445.94675595,-32031.536715366074,1048.0239386144472,-390.96322458527914
Saturday January 11 2025 04:30:59,-54214125758.55628,143769709898.78375,-207719747.66907072,-32029.424104997706,1042.301492436379,-390.95395087051287
Saturday January 11 2025 04:51:52,-54257129647.03314,143771104658.5932,-208244670.53927442,-32026.821536428095,1035.2569770282673,-390.94251155731604
Saturday January 11 2025 05:11:16,-54297270348.23027,143772398123.28293,-208734668.8154259,-32024.39090532595,1028.682913677536,-390.931813219505
Saturday January 11 2025 05:31:42,-54334554952.37248,143773592262.0371,-209189823.9638672,-32022.132059579806,1022.5778458239521,-390.92185823605826
Saturday January 11 2025 05:53:37,-54373810354.19741,143774841930.47986,-209669059.97129557,-32019.752609200772,1016.1513620172699,-390.9113584726576
Saturday January 11 2025 06:13:58,-54415900984.56931,143776173207.42307,-210182934.148351,-32017.19992879071,1009.2621906509615,-390.90007920015603
Saturday January 11 2025 06:34:20,-54454998267.911865,143777401790.54578,-210660286.70412046,-32014.82751354706,1002.8643137004905,-390.88958246127544
Saturday January 11 2025 06:53:20,-54494110616.03413,143778623120.93347,-211137845.75728232,-32012.45295787943,996.46528119958,-390.8790627861035
Saturday January 11 2025 07:12:21,-54530619125.323326,143779756170.68524,-211583632.4845713,-32010.23537795453,990.4934353330586,-390.8692263964841
Saturday January 11 2025 07:36:18,-54567142948.792984,143780882959.36426,-212029625.8807941,-32008.01579936928,984.5202261056157,-390.8593694190565
Saturday January 11 2025 08:04:26,-54613125091.28955,143782291964.31577,-212591143.04834017,-32005.219913065986,977.0018001241,-390.84693644488834
Saturday January 11 2025 08:26:14,-54667158368.59333,143783934029.81448,-213251017.5966265,-32001.932324966627,968.1692651745594,-390.83229322418526
Saturday January 11 2025 08:46:08,-54709016440.65082,143785195957.74936,-213762233.5947829,-31999.38391675116,961.3286637441468,-390.820924790012
Saturday January 11 2025 09:05:01,-54747225699.62878,143786340158.27484,-214228908.90505376,-31997.05643293766,955.0856732498942,-390.8105285060087
Saturday January 11 2025 09:23:55,-54783475608.7307,143787418870.78778,-214671673.26329556,-31994.84722258863,949.1639740260046,-390.80064871449247
Saturday January 11 2025 09:47:43,-54819741086.55672,143788491407.9856,-215114647.17129293,-31992.636012917108,943.2408558426138,-390.7907484892
Saturday January 11 2025 10:13:13,-54865415795.83709,143789832772.40054,-215672580.12436754,-31989.84960117154,935.7825594030937,-390.7782565757257
Saturday January 11 2025 10:37:02,-54914384899.49217,143791259187.90802,-216270789.45332637,-31986.860363328135,927.7882967382428,-390.7648351431723
Saturday January 11 2025 10:59:38,-54960093338.82139,143792579701.82004,-216829198.22431946,-31984.068441075487,920.3281903912309,-390.75228078215173
Saturday January 11 2025 11:23:52,-55003457508.41618,143793822742.17447,-217358996.09926566,-31981.418169415352,913.2523440335482,-390.7403465620344
Saturday January 11 2025 11:45:08,-55049949622.52801,143795144903.46332,-217927040.14867258,-31978.575063541713,905.6678870137673,-390.72752583694984
Saturday January 11 2025 12:11:56,-55090757061.5525,143796296412.54388,-218425654.67779157,-31976.078170378925,899.0123166082241,-390.71625084766737
Saturday January 11 2025 12:37:12,-55142151656.66026,143797734715.03558,-219053665.5875417,-31972.931592155033,890.6320361140124,-390.7020215667073
Saturday January 11 2025 12:59:27,-55190631938.77804,143799079243.21985,-219646101.03302,-31969.9615128717,882.729023424011,-390.6885694435648
Saturday January 11 2025 13:19:15,-55233301033.79921,143800252795.28458,-220167551.66293126,-31967.345901336717,875.7749811798373,-390.6767059338899
Saturday January 11 2025 13:37:25,-55271300370.29355,143801290179.8696,-220631956.67624193,-31965.015326997913,869.58330588905,-390.66612198956585
Saturday January 11 2025 13:53:09,-55306129371.4394,143802234615.92148,-221057634.44747046,-31962.878187656923,863.9092924788253,-390.6564055335075
Saturday January 11 2025 14:07:08,-55336315294.00471,143803048198.51932,-221426579.27447963,-31961.02517230887,858.9925229182523,-390.64797236219175
Saturday January 11 2025 14:22:07,-55363115971.39987,143803766688.68024,-221754159.48631412,-31959.37935966143,854.6278031819684,-390.6404755877477
Saturday January 11 2025 14:38:27,-55391853013.71926,143804533065.06198,-222105419.32049337,-31957.61400251925,849.9484104537535,-390.63242739505137
Saturday January 11 2025 14:59:01,-55423170334.14738,143805363510.7653,-222488232.37312093,-31955.689388891933,844.8496604030792,-390.6236450488605
Saturday January 11 2025 15:21:35,-55462609620.79194,143806402290.52515,-222970346.3350633,-31953.264530813252,838.4297686984977,-390.61256797589436
Saturday January 11 2025 15:48:05,-55505851540.89241,143807532211.17792,-223498970.80441263,-31950.604456494486,831.3924117569948,-390.600401010515
Saturday January 11 2025 16:21:27,-55556662522.89136,143808847863.23965,-224120160.8500055,-31947.476868898506,823.1252731717816,-390.5860751205462
Saturday January 11 2025 16:53:07,-55620629631.016205,143810485656.72177,-224902245.28302565,-31943.536568969397,812.7207115349773,-390.56799506039755
Saturday January 11 2025 17:23:20,-55681308315.24469,143812020187.17282,-225644179.9778424,-31939.79583804285,802.8542498756807,-390.55079826438106
Saturday January 11 2025 17:55:45,-55739221880.65892,143813467476.3742,-226352355.38500533,-31936.222854577867,793.4403263249766,-390.5343431980895
Saturday January 11 2025 18:24:54,-55801315844.37394,143815000453.4368,-227111704.1645129,-31932.38901491328,783.3500463346616,-390.5166548864085
Saturday January 11 2025 18:48:26,-55857159842.46859,143816362532.13773,-227794670.42721412,-31928.938461840546,774.278190209171,-390.5007068032287
Saturday January 11 2025 19:10:25,-55902262970.680145,143817451158.5493,-228346310.48759794,-31926.14978008529,766.9531256534891,-390.4877983791467
Saturday January 11 2025 19:31:24,-55944362898.055855,143818458047.33554,-228861246.50553268,-31923.545334320286,760.1173639453062,-390.47572710096574
Saturday January 11 2025 19:53:54,-55984546469.655235,143819410771.91388,-229352767.37355462,-31921.05813651736,753.5941672553299,-390.4641851641284
Saturday January 11 2025 20:15:14,-56027628784.049706,143820423185.1774,-229879771.73337397,-31918.390103929534,746.6019290765595,-390.4517887853941
Saturday January 11 2025 20:37:43,-56068500724.50587,143821375010.62726,-230379762.94791448,-31915.857604521945,739.969892592002,-390.4400075350302
Saturday January 11 2025 20:59:02,-56111531983.7492,143822368026.55466,-230906195.92853913,-31913.189887425604,732.989011803811,-390.4275819065638
Saturday January 11 2025 21:17:58,-56152355487.419304,143823301471.4164,-231405645.00301108,-31910.657691805958,726.3677461946039,-390.415772973375
Saturday January 11 2025 21:35:38,-56188600047.00286,143824123180.78748,-231849094.2200919,-31908.40841891263,720.4903380562188,-390.40527160623213
Saturday January 11 2025 21:54:54,-56222431971.89133,143824884221.05133,-232263042.4919236,-31906.307937006484,715.0051695450758,-390.3954548637266
Saturday January 11 2025 22:12:00,-56259301233.30539,143825707019.9512,-232714173.07022405,-31904.01785440381,709.0286652814815,-390.384740970173
Saturday January 11 2025 22:36:44,-56292034922.5009,143826431788.5056,-233114717.73862746,-31901.983751307824,703.7235047793201,-390.3752150061834
Saturday January 11 2025 22:57:08,-56339373359.451126,143827470380.121,-233694000.7863201,-31899.04060539091,696.052957598271,-390.36141585056157
Saturday January 11 2025 23:19:00,-56378413278.86017,143828318412.59036,-234171759.22449118,-31896.612073796437,689.7285038617043,-390.35001525464673
Saturday January 11 2025 23:39:13,-56420272787.400475,143829219165.4027,-234684047.82829508,-31894.006816106452,682.9487154193998,-390.33777073455093
Saturday January 11 2025 23:55:54,-56458974170.4361,143830044109.67322,-235157709.32203868,-31891.59689054413,676.681757278829,-390.32643111208995
Sunday January 12 2025 00:11:37,-56490891434.11824,143830718771.1646,-235548357.38492948,-31889.608526120333,671.5143158021508,-390.3170655983675
Sunday January 12 2025 00:27:28,-56520958396.16059,143831349629.16312,-235916372.57672668,-31887.73469986929,666.6472311621563,-390.3082317302785
Sunday January 12 2025 00:46:05,-56551273680.09797,143831981088.97803,-236287440.65276936,-31885.84468008684,661.7407261600695,-390.29931381759627
Sunday January 12 2025 01:04:43,-56586896305.359276,143832717186.20792,-236723489.4342852,-31883.622851169963,655.9762286335783,-390.28882041166975
Sunday January 12 2025 01:24:41,-56622534207.273384,143833447206.18417,-237159743.88719207,-31881.399074457426,650.2103362830429,-390.2783071348572
Sunday January 12 2025 01:43:39,-56660745500.36021,143834222837.27893,-237627520.75603336,-31879.013615043288,644.0292891813643,-390.2670176271518
Sunday January 12 2025 02:02:36,-56696996640.69528,143834951885.86145,-238071321.5773564,-31876.749467550166,638.1664604623716,-390.25629091898213
Sunday January 12 2025 02:22:00,-56733262923.76025,143835674619.65363,-238515327.1165453,-31874.48334512015,632.3022977971457,-390.24554382877955
Sunday January 12 2025 02:42:48,-56770362929.00982,143836407117.90845,-238969559.86701345,-31872.16406228247,626.3044783076488,-390.2345332230963
Sunday January 12 2025 03:02:14,-56810142552.43232,143837184825.73752,-239456622.9194785,-31869.676069024885,619.8747511771055,-390.2227088774771
Sunday January 12 2025 03:20:16,-56847273774.76908,143837903569.63608,-239911279.8512428,-31867.352602253366,613.8743051014865,-390.21165451053895
Sunday January 12 2025 03:39:11,-56881764413.41099,143838564983.98428,-240333622.05121887,-31865.193403474655,608.3016269213014,-390.20137135886756
Sunday January 12 2025 03:58:19,-56917930337.59209,143839252094.782,-240776497.11424944,-31862.928329697424,602.4593541737568,-390.1905733085207
Sunday January 12 2025 04:16:05,-56954494930.68107,143839940088.59314,-241224273.67985442,-31860.63724903731,596.55380657703,-390.17964018177156
Sunday January 12 2025 04:32:50,-56988459425.99335,143840573132.37646,-241640226.58619657,-31858.5081516142,591.069215304024,-390.16947005759164
Sunday January 12 2025 04:48:43,-57020498786.12482,143841164974.3961,-242032618.48436546,-31856.49890817797,585.8963905984818,-390.159863632933
Sunday January 12 2025 05:05:45,-57050851304.42998,143841720892.31808,-242404365.23837593,-31854.594710969082,580.9967119890341,-390.1507515618584
Sunday January 12 2025 05:24:25,-57083395895.4113,143842311809.50415,-242802974.75312895,-31852.552193763633,575.7440429075372,-390.14096907743425
Sunday January 12 2025 05:42:02,-57119075308.57499,143842953522.92047,-243239997.77970362,-31850.311984680346,569.9864465393719,-390.13022964141373
Sunday January 12 2025 06:01:20,-57152732450.98601,143843552994.63684,-243652267.95753837,-31848.19783910236,564.5561721705952,-390.1200848506502
Sunday January 12 2025 06:18:20,-57189631493.52264,143844203659.89868,-244104267.66741952,-31845.879042393193,558.603948285679,-390.1089472263238
Sunday January 12 2025 06:34:07,-57222108083.22887,143844770674.31424,-244502110.5080047,-31843.837282825727,553.3660682178705,-390.0991309169852
Sunday January 12 2025 06:50:56,-57252239681.18424,143845292002.5751,-244871240.7249192,-31841.942215619347,548.5071904603977,-390.09001204983855
Sunday January 12 2025 07:06:53,-57284390790.797134,143845843235.8607,-245265125.8855217,-31839.919356235616,543.3235028489892,-390.0802699638202
Sunday January 12 2025 07:26:58,-57314849161.464615,143846360651.3392,-245638287.20838442,-31838.00225772609,538.413540125079,-390.071029326507
Sunday January 12 2025 07:48:30,-57353206728.00365,143847005617.66006,-246108245.0723978,-31835.586945060088,532.2313241382208,-390.0593763178882
Sunday January 12 2025 08:11:10,-57394334612.08228,143847688945.4891,-246612168.9471943,-31832.99591971484,525.603988982434,-390.0468620437381
Sunday January 12 2025 08:34:05,-57437635256.22,143848399180.9308,-247142741.65114254,-31830.266592116608,518.6280812184061,-390.03366468827767
Sunday January 12 2025 09:02:58,-57481412572.23645,143849107650.53186,-247679183.12062374,-31827.50573888257,511.57699074666294,-390.02029916125554
Sunday January 12 2025 09:28:41,-57536547016.485535,143849986207.65613,-248354833.39279246,-31824.026522553544,502.6989434972428,-390.0034334910755
Sunday January 12 2025 10:01:04,-57585646801.69711,143850755737.72787,-248956568.94497257,-31820.926133703182,494.79479178665326,-389.9883831251729
Sunday January 12 2025 10:29:30,-57647483732.385666,143851707650.2044,-249714453.17231557,-31817.0188031104,484.84309393373826,-389.9693873591058
Sunday January 12 2025 10:54:27,-57701757448.41392,143852527295.5735,-250379687.58673555,-31813.586932996528,476.1112393846344,-389.9526771806033
Sunday January 12 2025 11:18:08,-57749393667.75452,143853234499.76364,-250963601.66347602,-31810.57288969552,468.44931119990605,-389.93798152331294
Sunday January 12 2025 11:40:44,-57794585378.91588,143853894870.0786,-251517582.30379552,-31807.71189215279,461.18233431599776,-389.9240148743544
Sunday January 12 2025 12:04:58,-57837719647.386925,143854515601.45923,-252046369.83820403,-31804.979673594193,454.24780866818116,-389.91066128417583
Sunday January 12 2025 12:24:34,-57883967840.04218,143855170756.73114,-252613361.6389995,-31802.04861413921,446.81441372018594,-389.89631895047756
Sunday January 12 2025 12:44:23,-57921365731.37708,143855692677.75513,-253071873.81835586,-31799.6772490434,440.8048324413638,-389.8847025364896
Sunday January 12 2025 13:03:12,-57959174098.90901,143856213183.02393,-253535439.45857152,-31797.27875770701,434.73048964845566,-389.87294162498216
Sunday January 12 2025 13:19:53,-57995043786.06033,143856700358.6902,-253975254.47519696,-31795.002232148207,428.9687322054146,-389.8617679796572
Sunday January 12 2025 13:37:42,-58026890403.82359,143857127475.8237,-254365756.58164945,-31792.980204583087,423.8541106640155,-389.85183466496755
Sunday January 12 2025 13:54:20,-58060870703.75666,143857577589.88678,-254782438.23809916,-31790.82184073934,418.3977589966287,-389.84122247353326
Sunday January 12 2025 14:12:27,-58092589015.14417,143857992506.07193,-255171397.6690568,-31788.806350342238,413.3055021010837,-389.83130427041044
Sunday January 12 2025 14:38:40,-58127155790.68241,143858438928.19214,-255595304.42874786,-31786.608975313822,407.7569004520072,-389.8204816884177
Sunday January 12 2025 15:00:12,-58177144813.44051,143859073907.87454,-256208371.64031813,-31783.42959451543,399.73452613785395,-389.80480530683576
Sunday January 12 2025 15:22:13,-58218194409.313156,143859585948.9934,-256711832.8105876,-31780.817335700132,393.1483496708143,-389.7919100117042
Sunday January 12 2025 15:49:57,-58260187733.50116,143860101003.4405,-257226894.1137784,-31778.14367837039,386.41222608334675,-389.77869746651794
Sunday January 12 2025 16:12:22,-58313054887.79027,143860736832.2697,-257875363.1464301,-31774.775769036078,377.9339498450098,-389.76203375774895
Sunday January 12 2025 16:30:57,-58355804366.52892,143861240711.7032,-258399758.65603882,-31772.050835163394,371.07996055788425,-389.74853479105695
Sunday January 12 2025 16:48:07,-58391216841.89625,143861651160.80853,-258834173.56714308,-31769.792511674365,365.4034721883477,-389.73733614454306
Sunday January 12 2025 17:06:57,-58423958363.52143,143862025048.9521,-259235839.4960067,-31767.703662482745,360.1560669429929,-389.726968864933
Sunday January 12 2025 17:27:09,-58459857119.08536,143862428803.6996,-259676255.76297736,-31765.412440772216,354.4036962807498,-389.7155872176937
Sunday January 12 2025 17:48:25,-58498348758.75652,143862854531.36334,-260148503.27907273,-31762.95462963623,348.2370499329913,-389.703366469587
Sunday January 12 2025 18:10:49,-58538874052.048775,143863294712.2302,-260645724.83670723,-31760.365733978506,341.7459442392692,-389.69048101580535
Sunday January 12 2025 18:31:37,-58581540954.83277,143863749243.8131,-261169248.71567953,-31757.638662728317,334.91330091735495,-389.6768935177802
Sunday January 12 2025 18:50:05,-58621172555.20292,143864163252.3467,-261655553.2815733,-31755.104342833605,328.5681000425022,-389.66425324986807
Sunday January 12 2025 19:08:13,-58656358885.60727,143864524215.3005,-262087330.90360203,-31752.853274957422,322.9357141188499,-389.6530151400649
Sunday January 12 2025 19:26:01,-58690924303.30596,143864872756.6314,-262511506.87517798,-31750.641006249778,317.4037331678286,-389.64196102854294
Sunday January 12 2025 19:42:27,-58724809596.68409,143865208617.99216,-262927353.58052775,-31748.47137839839,311.981576812245,-389.63111065624486
Sunday January 12 2025 20:00:06,-58756139205.554474,143865514019.99472,-263311851.4237262,-31746.464604875822,306.9692270460249,-389.62106651421533
Sunday January 12 2025 20:16:32,-58789731334.26378,143865836003.5807,-263724132.40711248,-31744.312073841207,301.5958184858425,-389.6102840820231
Sunday January 12 2025 20:34:27,-58821048543.04253,143866131080.18533,-264108507.87634444,-31742.304538052584,296.5871609499041,-389.6002198018822
Sunday January 12 2025 20:53:59,-58855177415.89829,143866447043.38123,-264527409.01140827,-31740.115910742737,291.12976360912364,-389.5892387084267
Sunday January 12 2025 21:13:44,-58892371017.62452,143866784722.65384,-264983946.37512562,-31737.729732874475,285.1834131920638,-389.5772558066342
Sunday January 12 2025 21:34:55,-58929974461.38943,143867119064.94763,-265445535.0113335,-31735.31618595659,279.17272017196126,-389.56512420120544
Sunday January 12 2025 21:54:29,-58970292963.06209,143867469664.2571,-265940474.47067204,-31732.727174499934,272.7293599669855,-389.5520980600247
Sunday January 12 2025 22:14:17,-59007570101.12679,143867786558.89902,-266398100.1405175,-31730.332356051353,266.7732589436029,-389.54003740208583
Sunday January 12 2025 22:32:46,-59045257991.24286,143868099856.74228,-266860789.03606597,-31727.910070482543,260.75271426318074,-389.527827129932
Sunday January 12 2025 22:50:24,-59080436799.83633,143868385865.50696,-267292693.0788495,-31725.648070708594,255.13406473897035,-389.51641459566287
Sunday January 12 2025 23:07:03,-59114014635.26937,143868653066.12302,-267704958.26471666,-31723.488132633855,249.77208638582528,-389.5055077878496
Sunday January 12 2025 23:22:25,-59145689384.897156,143868899937.58386,-268093872.70629117,-31721.44982461391,244.71487518435904,-389.49520692417235
Sunday January 12 2025 23:39:16,-59174942217.19595,143869123461.70224,-268453063.0000063,-31719.566690218075,240.04509653001452,-389.4856831520076
Sunday January 12 2025 23:56:08,-59207015304.27758,143869363601.75296,-268846897.11018044,-31717.50125372278,234.92593120942982,-389.475229574727
Monday January 13 2025 00:14:37,-59239101978.80839,143869598679.6094,-269240913.14872795,-31715.434157694257,229.8054605473954,-389.4647594084364
Monday January 13 2025 00:32:04,-59274281902.71429,143869850483.99777,-269672930.8258246,-31713.166886053794,224.1923537848342,-389.4532659133381
Monday January 13 2025 00:50:26,-59307467829.035805,143870082325.6239,-270080478.3697516,-31711.02725933769,218.8983490128882,-389.4424104760158
Monday January 13 2025 01:36:41,-59342407447.03712,143870320448.9004,-270509579.9740202,-31708.773659112885,213.3255832990967,-389.43096734207626
Monday January 13 2025 02:19:05,-59430404454.726814,143870893042.5303,-271590371.01754534,-31703.093749033695,199.2948545981387,-389.40208348012254
Monday January 13 2025 02:53:22,-59511050225.22342,143871383696.4764,-272580972.8068351,-31697.88316557879,186.44194577790205,-389.37553239185246
Monday January 13 2025 05:20:26,-59576258625.7498,143871756580.31744,-273382021.34198284,-31693.666388944468,176.05334908691464,-389.3540077380783
Monday January 13 2025 06:04:53,-59855847213.30107,143873113682.91263,-276817315.915945,-31675.549900970687,131.55138452248357,-389.2611511485127
Monday January 13 2025 06:40:50,-59940308269.518,143873446578.00912,-277855310.9128863,-31670.065435550816,118.12062564968268,-389.2329193984433
Monday January 13 2025 07:13:46,-60008601077.84548,143873689603.2686,-278694680.5227376,-31665.62690733401,107.2652568766039,-389.2100307969276
Monday January 13 2025 07:43:01,-60071191070.83161,143873891805.99878,-279464018.24125254,-31661.55592406981,97.31979299412377,-389.18900548031104
Monday January 13 2025 08:15:06,-60126757453.78043,143874054866.64603,-280147071.8766165,-31657.93929134027,88.49311410337656,-389.1703010674168
Monday January 13 2025 08:43:57,-60187678952.57978,143874215860.76456,-280896005.5889753,-31653.971433182174,78.81874313326783,-389.14975248164467
Monday January 13 2025 09:39:01,-60242465274.96284,143874344759.36108,-281569563.3821526,-31650.40077189753,70.12128900093444,-389.1312361560043
Monday January 13 2025 10:17:45,-60347039516.00704,143874549047.1653,-282855349.20570767,-31643.57893526019,53.52684544412388,-389.09579533738776
Monday January 13 2025 10:52:14,-60420560879.25248,143874659872.67453,-283759422.19172305,-31638.77788254904,41.86551564476653,-389.0708019709779
Monday January 13 2025 11:23:51,-60486031644.47596,143874735769.69815,-284564565.6613923,-31634.499121236913,31.484898890519275,-389.048492220843
Monday January 13 2025 11:49:56,-60546036509.26373,143874786473.11987,-285302545.9092985,-31630.57474572949,21.974059477565746,-389.0280010677212
Monday January 13 2025 12:11:28,-60595520972.427246,143874814718.02554,-285911178.80883807,-31627.33637828375,14.132974605096557,-389.01107092731075
Monday January 13 2025 12:32:02,-60636389956.948845,143874828797.99622,-286413872.86087894,-31624.660438803363,7.658598841166684,-388.9970668666429
Monday January 13 2025 12:57:55,-60675398502.45719,143874834434.35788,-286893706.05402267,-31622.105143586006,1.480248348989269,-388.98368213261296
Monday January 13 2025 13:21:58,-60724522537.22874,143874830691.3468,-287497998.71638954,-31618.885597912835,-6.29843528255255,-388.96680130840724
Monday January 13 2025 13:43:05,-60770152059.63539,143874816388.86963,-288059335.7324407,-31615.893457586157,-13.521969346558343,-388.9510961396277
Monday January 13 2025 14:02:26,-60810202162.19712,143874795243.6259,-288552059.50188756,-31613.265899155882,-19.860805453610666,-388.9372913620666
Monday January 13 2025 14:22:00,-60846910322.991264,143874768808.39218,-289003689.02432567,-31610.85653872665,-25.669530186003552,-388.92462210885446
Monday January 13 2025 14:43:28,-60884022536.20256,143874735223.3635,-289460309.7391463,-31608.419631685316,-31.541051756432015,-388.9117974609891
Monday January 13 2025 15:03:57,-60924711966.85289,143874690475.93488,-289960966.9216905,-31605.746647496635,-37.977206860236436,-388.8977182400986
Monday January 13 2025 15:20:50,-60963547237.44243,143874640036.3684,-290438832.4461177,-31603.194311293362,-44.118789979209275,-388.884262630547
Monday January 13 2025 15:39:15,-60995574903.30421,143874592757.2955,-290832947.42551965,-31601.088535987295,-49.18284358205743,-388.8731525205459
Monday January 13 2025 15:56:03,-61030477895.091515,143874535386.14813,-291262461.6788412,-31598.79283805903,-54.70055724297464,-388.8610314103089
Monday January 13 2025 16:12:52,-61062338444.425156,143874477691.66562,-291654551.36006826,-31596.696457309576,-59.73641496387621,-388.8499545219407
Monday January 13 2025 16:28:47,-61094212451.79298,143874414888.11078,-292046821.51535773,-31594.598431631217,-64.77355481092961,-388.8388611563419
Monday January 13 2025 16:44:51,-61124408054.09519,143874350700.67206,-292418449.41429675,-31592.610182307766,-69.5446720175228,-388.8283410575058
Monday January 13 2025 17:00:04,-61154852912.92462,143874281362.75436,-292793158.4990226,-31590.604830820288,-74.35440574712455,-388.81772340191964
Monday January 13 2025 17:16:01,-61183694703.79043,143874211396.34268,-293148149.85312116,-31588.704432110397,-78.91017290583515,-388.8076548942699
Monday January 13 2025 17:35:41,-61213935749.54398,143874133564.00488,-293520376.61864865,-31586.711168780093,-83.68621954664434,-388.7970875491501
Monday January 13 2025 17:53:18,-61251182758.49407,143874031409.48172,-293978855.7834995,-31584.25518660914,-89.56769115054774,-388.78405748137425
Monday January 13 2025 18:12:37,-61284568599.1434,143873933943.55975,-294389824.4723197,-31582.0529211794,-94.83848665387984,-388.772364488329
Monday January 13 2025 18:29:34,-61321173652.17791,143873820668.443,-294840439.3325168,-31579.637347905656,-100.61645119094224,-388.7595291549497
Monday January 13 2025 18:48:03,-61353303314.13652,143873715716.45282,-295235977.45775425,-31577.516283026875,-105.6870751293279,-388.7482502933769
Monday January 13 2025 19:08:19,-61388318243.75889,143873595456.92148,-295667052.3875142,-31575.203868692308,-111.21206815765088,-388.7359449632274
Monday January 13 2025 19:26:19,-61426708392.35077,143873456554.1784,-296139700.82676464,-31572.667502256503,-117.26846521313801,-388.72243715857945
Monday January 13 2025 19:45:15,-61460792400.02224,143873327051.42346,-296559351.355483,-31570.41471464369,-122.6445032453472,-388.71043019616116
Monday January 13 2025 20:02:51,-61496677414.729126,143873184423.86035,-297001194.6685387,-31568.041954435306,-128.30356978206683,-388.6977742532024
Monday January 13 2025 20:18:09,-61530010552.17145,143873046166.61148,-297411634.2103454,-31565.837068742178,-133.55924735748943,-388.68600495988915
Monday January 13 2025 20:34:33,-61558969641.877075,143872921538.87048,-297768228.1546702,-31563.920841883126,-138.12451448805595,-388.67576962648474
Monday January 13 2025 20:52:02,-61590020138.51161,143872783249.22705,-298150588.70267,-31561.86553334355,-143.01870888260072,-388.66478433064805
Monday January 13 2025 21:08:44,-61623151544.66993,143872630372.43552,-298558589.4271944,-31559.671693691984,-148.24001475429029,-388.6530505428299
Monday January 13 2025 21:25:09,-61654775209.09067,143872479330.25452,-298948037.847294,-31557.576930026044,-153.2228600622077,-388.64183890241264
Monday January 13 2025 21:40:27,-61685840968.37959,143872326081.3199,-299330629.8438054,-31555.51839860795,-158.11698993784788,-388.6308138077143
Monday January 13 2025 21:56:46,-61714802830.59338,143872178862.45685,-299687323.8883758,-31553.598633393183,-162.67894862315086,-388.6205253361934
Monday January 13 2025 22:13:14,-61745705764.56182,143872017149.46872,-300067937.6735343,-31551.549515399962,-167.54588995133577,-388.6095366332237
Monday January 13 2025 22:29:22,-61776863731.19776,143871849265.45114,-300451706.67912745,-31549.482768845803,-172.4521947326586,-388.5984460824895
Monday January 13 2025 22:46:35,-61807408989.653114,143871679968.92288,-300827942.80088097,-31547.45596457332,-177.26123756396478,-388.58756274700477
Monday January 13 2025 23:02:38,-61840001327.55708,143871494179.94327,-301229408.5166428,-31545.292564722527,-182.39171920926793,-388.57593816210584
Monday January 13 2025 23:19:01,-61870386284.15612,143871316188.23694,-301603698.14380455,-31543.274975803295,-187.17393543493057,-388.5650898396706
Monday January 13 2025 23:36:34,-61901374860.9079,143871129904.3056,-301985437.2121829,-31541.216600859905,-192.05036567271165,-388.55401504176524
Monday January 13 2025 23:55:18,-61934601907.07618,143870924828.24625,-302394766.90779495,-31539.008747784796,-197.27816205785524,-388.54212795401565
Tuesday January 14 2025 00:14:15,-61970054889.433754,143870699924.87927,-302831536.08173305,-31536.652084775662,-202.85516840357022,-388.5294304997099
Tuesday January 14 2025 00:30:42,-62005898550.95799,143870466152.83453,-303273136.963676,-31534.268505721095,-208.49257255253966,-388.5165784031966
Tuesday January 14 2025 00:46:24,-62037038635.44946,143870257841.74088,-303656804.09851015,-31532.196939078585,-213.38934542131153,-388.50540080863004
Tuesday January 14 2025 01:03:36,-62066715845.28683,143870054803.55222,-304022460.80111593,-31530.222020878824,-218.05533392162684,-388.494737915784
Tuesday January 14 2025 01:20:59,-62099254112.35264,143869827129.64447,-304423383.74289936,-31528.05595997002,-223.17031271770318,-388.4830354064927
Tuesday January 14 2025 01:37:29,-62132151138.83731,143869591563.33066,-304828742.8914002,-31525.865220380605,-228.3407967179013,-388.47119148249885
Tuesday January 14 2025 01:54:07,-62163361322.99565,143869363073.66373,-305213331.2803291,-31523.78607431989,-233.24532833416328,-388.4599433641013
Tuesday January 14 2025 02:10:54,-62194829375.82741,143869127765.0369,-305601111.6687624,-31521.689020637168,-238.18956628661323,-388.4485909682715
Tuesday January 14 2025 02:25:50,-62226556070.090866,143868885509.92007,-305992093.9350784,-31519.573990049375,-243.17361191964048,-388.43713373909
Tuesday January 14 2025 02:41:06,-62254789229.406906,143868665698.29175,-306340036.16844696,-31517.69122738818,-247.60814662229575,-388.4269283754938
Tuesday January 14 2025 02:56:30,-62283670713.984474,143868436715.3897,-306695980.33501875,-31515.764621211045,-252.14383009016058,-388.41647918574193
Tuesday January 14 2025 03:13:01,-62312790659.46012,143868201619.71707,-307054875.70032775,-31513.82148441033,-256.716263750062,-388.405934020018
Tuesday January 14 2025 03:30:43,-62344013600.39976,143867944836.11398,-307439703.6683219,-31511.737322057943,-261.6181317519798,-388.3946164798298
Tuesday January 14 2025 03:48:35,-62377491256.476395,143867664094.97614,-307852337.19447327,-31509.501856079856,-266.8730844213056,-388.38246922621323
Tuesday January 14 2025 04:06:38,-62411244990.19254,143867375366.35898,-308268390.1249225,-31507.247118078492,-272.1704341688997,-388.37020877440364
Tuesday January 14 2025 04:24:53,-62445370786.349236,143867077665.19455,-308689046.06002706,-31504.966672365743,-277.5252179323853,-388.3577998865893
Tuesday January 14 2025 04:44:06,-62479872342.93948,143866770768.04984,-309114351.14206254,-31502.660243898717,-282.9379844619085,-388.3452407829614
Tuesday January 14 2025 05:04:20,-62516197491.45604,143866441219.50458,-309562154.6590349,-31500.23096042813,-288.63578110067,-388.3320031109474
Tuesday January 14 2025 05:23:26,-62554442465.11302,143866087126.2853,-310033645.9202612,-31497.672236208524,-294.63353395034153,-388.3180494651747
Tuesday January 14 2025 05:40:03,-62590519373.20959,143865746405.23956,-310478428.4356022,-31495.25757609515,-300.2901727029654,-388.30487147156947
Tuesday January 14 2025 05:55:48,-62621939550.631256,143865444363.79626,-310865814.8515791,-31493.15381466847,-305.21578824669376,-388.29338231655885
Tuesday January 14 2025 06:12:24,-62651704703.83374,143865153680.92636,-311232809.3982103,-31491.160196586712,-309.88119986271636,-388.28248791082626
Tuesday January 14 2025 06:29:51,-62683043423.463936,143864842845.58044,-311619219.48058593,-31489.060479469048,-314.79246240241116,-388.27100659736783
Tuesday January 14 2025 06:55:08,-62716038246.522835,143864510279.82703,-312026065.00774646,-31486.849021748403,-319.9623852741624,-388.25890640122435
Tuesday January 14 2025 09:02:25,-62763772572.72195,143864019520.66144,-312614685.3867522,-31483.64824156204,-327.4402334854985,-388.2413787359577
Tuesday January 14 2025 09:47:12,-63004170820.636536,143861374910.65173,-315579584.080889,-31467.5031333354,-365.0713681340526,-388.15271046234534
Tuesday January 14 2025 10:19:21,-63088707136.366806,143860376307.64948,-316622394.5336662,-31461.815615522537,-378.2930673284147,-388.12137331826415
Tuesday January 14 2025 15:01:23,-63149394855.61142,143859637406.24832,-317371081.3476617,-31457.729379691973,-387.78115037736427,-388.0988264508209
Tuesday January 14 2025 15:45:55,-63681407131.123665,143852372414.13788,-323936663.28744906,-31421.792628838426,-470.82751631355575,-387.8993769784345
Tuesday January 14 2025 16:22:56,-63765368139.0565,143851096734.2047,-324973206.2563333,-31416.10231658987,-483.91243015932696,-387.8676065135505
Tuesday January 14 2025 16:56:51,-63835127327.8111,143850010062.60208,-325834498.47733295,-31411.370607966423,-494.7796516260022,-387.8411491607353
Tuesday January 14 2025 17:26:43,-63899061649.7256,143848992790.57898,-326623935.4471028,-31407.030888762925,-504.73595150607554,-387.81685256116646
Tuesday January 14 2025 17:54:35,-63955329348.72811,143848080621.1775,-327318757.16130555,-31403.2091062773,-513.4955726162262,-387.79543116823123
Tuesday January 14 2025 18:21:12,-64007848963.300865,143847214951.9979,-327967337.3153812,-31399.639825064398,-521.6693542418315,-387.77540435486657
Tuesday January 14 2025 18:49:44,-64057976659.98324,143846375865.67145,-328586416.4917524,-31396.231233983806,-529.468761807939,-387.756260522494
Tuesday January 14 2025 19:16:22,-64111718732.72718,143845462346.4239,-329250174.0673385,-31392.574847802163,-537.8282413149876,-387.73570479274105
Tuesday January 14 2025 19:39:48,-64161880231.22495,143844596683.11676,-329869746.688483,-31389.160179973114,-545.6286299644712,-387.71648913593634
Tuesday January 14 2025 19:59:10,-64206026445.609985,143843824438.7744,-330415051.5374596,-31386.153485308616,-552.4919004608093,-387.6995542697983
Tuesday January 14 2025 20:19:56,-64242486815.56142,143843179307.83612,-330865440.3807035,-31383.669191233606,-558.1590715864016,-387.68555116334096
Tuesday January 14 2025 20:42:11,-64281580348.46281,143842480214.99243,-331348377.7780367,-31381.00441270564,-564.2343134471714,-387.6705200810625
Tuesday January 14 2025 21:06:36,-64323496142.0542,143841722179.77808,-331866204.3975466,-31378.146028560805,-570.7467497142948,-387.65438470577493
Tuesday January 14 2025 21:29:45,-64369451488.72401,143840881014.19205,-332433964.98783016,-31375.010712795563,-577.8851535102665,-387.63667153619804
Tuesday January 14 2025 21:51:23,-64413047112.55272,143840073299.71725,-332972600.57104087,-31372.034978463682,-584.6554128070894,-387.6198458915879
Tuesday January 14 2025 22:14:08,-64453739617.925606,143839310814.68295,-333475392.3516296,-31369.256164790804,-590.9734213091086,-387.6041213668769
Tuesday January 14 2025 22:35:44,-64496581566.675,143838499124.93433,-334004768.486365,-31366.329277122943,-597.6236905035335,-387.58754608296886
Tuesday January 14 2025 23:02:56,-64537225788.04796,143837720607.83368,-334507013.15644205,-31363.55130930142,-603.9314205632737,-387.5718019739741
Tuesday January 14 2025 23:28:54,-64588414214.93727,143836728394.8421,-335139587.8809123,-31360.050965433584,-611.8736199333548,-387.5519469527988
Tuesday January 14 2025 23:51:46,-64637270256.24868,143835769198.04947,-335743375.14857256,-31356.708350653575,-619.451933409064,-387.53296911191427
Wednesday January 15 2025 00:13:00,-64680269049.21802,143834915144.4046,-336274804.41235524,-31353.76505096714,-626.120081428246,-387.5162442656873
Wednesday January 15 2025 00:36:17,-64720209364.61549,143834113575.57272,-336768457.58294815,-31351.02991258028,-632.312571975816,-387.50069041938815
Wednesday January 15 2025 00:57:32,-64763999030.261856,143833225607.48737,-337309714.56313527,-31348.02984745468,-639.1003788363132,-387.4836169208139
Wednesday January 15 2025 01:19:01,-64803968392.42238,143832406756.90735,-337803775.53098524,-31345.29030892155,-645.2946328787868,-387.46801413844184
Wednesday January 15 2025 01:38:58,-64844375930.43111,143831570828.32266,-338303276.45462507,-31342.51956840554,-651.5554642767547,-387.4522220622371
Wednesday January 15 2025 01:58:25,-64881909502.703064,143830787058.06772,-338767271.94472253,-31339.944842882258,-657.3698003720048,-387.4375367625083
Wednesday January 15 2025 02:18:20,-64918485297.32675,143830016527.2658,-339219446.9995879,-31337.43484405208,-663.0346580993428,-387.4232109849532
Wednesday January 15 2025 02:43:23,-64955901590.76185,143829221385.00723,-339682033.05012125,-31334.86617100609,-668.8285599864461,-387.4085404704233
Wednesday January 15 2025 03:10:51,-65003006667.005226,143828210414.5366,-340264432.711355,-31331.630920687698,-676.1211389861413,-387.3900487574759
Wednesday January 15 2025 03:45:27,-65054646970.9211,143827089391.69852,-340902942.35906464,-31328.08235212634,-684.1137551953327,-387.36974808841364
Wednesday January 15 2025 04:18:17,-65119682344.74917,143825658661.42572,-341707131.44075817,-31323.610589833548,-694.1764888410078,-387.34413906430115
Wednesday January 15 2025 04:46:33,-65181378884.17707,143824281884.80914,-342470091.4302086,-31319.365596721014,-703.7194194134255,-387.31980097559085
Wednesday January 15 2025 05:11:21,-65234479246.68065,143823081733.96286,-343126792.63698936,-31315.709872470045,-711.9302435745949,-387.29881978294037
Wednesday January 15 2025 05:34:30,-65281085222.108315,143822016779.22018,-343703210.50769717,-31312.499592478733,-719.1349531755681,-387.2803786691917
Wednesday January 15 2025 06:03:40,-65324587503.338585,143821012970.39996,-344241270.76588696,-31309.50169472488,-725.8582692760185,-387.26314370179114
Wednesday January 15 2025 06:27:22,-65379369640.567696,143819735455.80267,-344918885.7387395,-31305.724533874873,-734.322699042218,-387.24140971452186
Wednesday January 15 2025 06:52:47,-65423883662.402336,143818686372.36703,-345469523.8304938,-31302.653765015577,-741.1987903928704,-387.2237247426955
